1x50	2x51	0.798087
1x53	1x57	0.222008
1x53	7x50	0.279601
1x57	2x40	0.848276
12x50	2x40	2.378685
2x42	3x46	0.792295
2x42	4x46	2.075003
2x45	4x46	0.180135
2x45	4x50	0.824857
2x46	2x50	0.675979
2x46	3x43	0.298233
2x46	3x46	0.105398
2x49	4x50	0.627155
2x50	2x53	0.048180
2x50	3x39	0.274854
2x50	7x46	7.992140
2x50	7x50	0.517593
2x53	2x56	2.526158
2x53	2x57	0.876781
2x53	3x32	0.660995
2x53	7x46	0.411630
2x56	3x28	0.283898
2x56	3x32	4.193706
2x57	2x58	0.863404
2x57	7x39	0.305257
23x50	3x25	6.482298
23x50	45x50	3.657543
3x25	45x50	5.935766
3x28	45x50	0.793352
3x37	4x53	0.167264
3x38	4x50	1.135646
3x38	4x53	0.894222
3x39	6x48	0.056289
3x43	5x54	1.111836
3x43	6x44	1.042617
3x43	7x53	2.016158
3x46	3x50	0.679100
3x46	7x53	0.673942
3x49	34x53	1.275991
3x50	6x37	1.307975
3x50	7x53	0.256319
3x51	5x61	4.724791
4x46	4x50	0.927852
4x50	4x53	0.060243
5x47	6x48	1.547751
5x47	6x52	2.412575
5x54	6x44	1.858937
5x58	5x62	2.166794
5x58	6x37	1.280088
5x61	6x37	0.729116
5x62	6x37	0.343464
6x36	6x40	0.130781
6x40	7x53	0.284606
6x44	6x48	3.433056
6x48	6x52	0.764271
6x48	7x45	3.029359
