1x46	1x50	1.121730
1x46	2x50	1.225382
1x46	2x57	0.421690
1x46	7x46	1.020150
1x47	2x51	0.079659
1x49	7x50	4.626206
1x50	2x46	0.012461
1x50	2x50	3.835810
1x50	2x51	1.263892
1x50	7x46	2.211531
1x50	7x50	1.331531
1x52	8x54	5.239470
1x53	1x57	0.137744
1x53	7x50	1.948101
1x53	7x53	2.834056
1x53	8x54	2.459212
1x57	12x50	0.780226
1x57	2x40	2.126586
12x50	2x40	9.932548
12x50	8x47	0.020632
2x42	3x46	2.685259
2x42	3x49	0.069348
2x42	4x46	5.373788
2x45	4x46	1.759969
2x45	4x50	2.884519
2x46	2x50	0.247936
2x46	3x39	5.057022
2x46	3x43	0.802166
2x46	7x53	0.495218
2x49	4x50	2.248133
2x50	2x53	0.075207
2x50	3x39	7.534834
2x50	7x46	7.712514
2x53	2x56	1.391802
2x53	2x57	4.256547
2x53	2x58	0.140815
2x53	3x32	1.819499
2x53	7x46	0.951388
2x56	3x28	6.759173
2x56	3x32	4.827008
2x57	2x58	0.813636
2x57	7x39	3.153668
23x50	3x25	6.778710
23x50	3x28	3.660832
23x50	45x50	3.909411
3x25	45x50	6.833046
3x28	45x50	3.092402
3x37	4x53	0.733459
3x38	4x50	2.391048
3x38	4x53	4.620789
3x39	6x44	5.990250
3x39	7x45	1.117913
3x39	7x46	2.256987
3x43	3x46	0.067281
3x43	5x54	1.797556
3x43	6x40	0.458419
3x43	6x44	1.678954
3x46	3x50	0.713112
3x46	6x37	0.648021
3x50	6x30	0.393296
3x50	6x33	1.533707
3x50	6x37	1.771387
3x51	3x54	0.060105
3x51	5x61	5.142645
3x54	5x61	1.064327
3x54	6x30	1.213383
34x53	6x30	4.612894
4x46	4x50	0.702151
5x47	5x48	0.966744
5x47	6x48	1.291022
5x47	6x52	10.435929
5x58	5x62	0.781212
6x32	6x36	0.259590
6x40	7x53	0.366961
6x44	6x48	5.058066
6x44	7x45	1.340326
6x48	6x52	1.143421
6x48	7x41	13.397807
6x48	7x45	2.191714
6x61	353	3.406386
7x45	7x46	0.429483
7x50	8x54	0.961954
7x53	8x51	0.031240
7x53	8x54	0.199259
