1x46	1x50	1.238251	Repacking	1.477236	0.238985
1x46	2x50	-0.7846639999999998	Repacking	1.146173	1.930837
1x46	2x51	-0.34408	Repacking	0.040664	0.384744
1x46	7x46	-1.7033680000000002	Repacking	0.677403	2.380771
1x47	1x52	0.002217	Switching	0.002217	0
1x47	2x51	-0.45567599999999997	Repacking	1.474183	1.929859
1x49	7x50	-3.396229	Repacking	0.378126	3.774355
1x50	2x46	0.163958	Switching	0.163958	0
1x50	2x50	2.847244	Repacking	6.192226	3.344982
1x50	2x51	0.5333219999999996	Repacking	3.205519	2.672197
1x50	7x46	-2.09463	Repacking	0.29406	2.38869
1x50	7x50	-3.2427909999999995	Repacking	1.686026	4.928817
1x52	8x54	4.052282999999999	Repacking	4.800056	0.747773
1x53	1x57	0.166662	Switching	0.166662	0
1x53	7x50	-1.023885	Repacking	0.490186	1.514071
1x53	8x54	-1.4543970000000002	Repacking	1.148285	2.602682
1x57	60	0.6311959999999999	Repacking	1.976902	1.345706
60	2x40	0.2823120000000001	Repacking	6.809544	6.527232
2x42	3x46	-0.3434630000000003	Repacking	2.514255	2.857718
2x42	3x49	2.270235	Repacking	2.305636	0.035401
2x42	4x46	-0.20197900000000002	Repacking	0.478827	0.680806
2x45	4x46	-0.6026320000000001	Repacking	0.316545	0.919177
2x45	4x50	0.8691259999999998	Repacking	2.494404	1.625278
2x46	2x50	0.3415480000000001	Repacking	0.600991	0.259443
2x46	3x39	-0.990027	Repacking	1.68708	2.677107
2x46	3x43	1.071491	Repacking	2.225526	1.154035
2x46	3x46	0.352798	Switching	0.352798	0
2x46	7x53	0.18354499999999996	Repacking	0.685716	0.502171
2x49	3x39	-0.21797900000000003	Repacking	0.640937	0.858916
2x49	4x50	-1.438558	Repacking	0.254853	1.693411
2x50	3x39	-0.348522	Repacking	0.338846	0.687368
2x50	7x46	-0.7991999999999999	Repacking	7.315449	8.114649
2x50	7x50	0.020771	Switching	0.020771	0
2x53	2x56	0.128673	Switching	0.128673	0
2x53	2x57	-2.968715	Repacking	3.175857	6.144572
2x53	3x39	0.131511	Switching	0.131511	0
2x53	7x46	-0.0014230000000000076	Repacking	0.072712	0.074135
2x56	3x28	-0.25978499999999993	Repacking	2.011669	2.271454
2x56	3x32	-0.141972	Repacking	4.12612	4.268092
2x57	2x58	0.17726799999999998	Repacking	0.803648	0.62638
96	3x25	-2.006635	Repacking	4.323525	6.33016
96	3x28	0.08764400000000001	Repacking	0.205103	0.117459
96	181	-1.600073	Repacking	2.896463	4.496536
3x25	181	0.4790340000000004	Repacking	6.555301	6.076267
3x28	3x32	0.0475	Switching	0.0475	0
3x28	181	-0.802103	Repacking	0.373717	1.17582
3x37	4x53	-1.816719	Repacking	1.696307	3.513026
3x38	4x50	-1.719532	Repacking	0.814826	2.534358
3x38	4x53	0.16078500000000018	Repacking	1.714603	1.553818
3x43	3x46	-0.018909999999999996	Repacking	0.112213	0.131123
3x43	6x44	-1.922468	Repacking	0.042319	1.964787
3x43	7x45	0.338159	Switching	0.338159	0
3x43	7x53	3.023763	Switching	3.023763	0
3x46	3x50	0.418932	Repacking	0.88327	0.464338
3x46	7x53	0.807671	Switching	0.807671	0
3x49	138	-0.13615399999999944	Repacking	6.387589	6.523743
3x50	5x58	2.760304	Repacking	3.075918	0.315614
3x50	5x61	-0.08014100000000002	Repacking	0.636877	0.717018
3x50	6x40	0.308846	Switching	0.308846	0
3x50	7x53	0.818382	Switching	0.818382	0
3x51	5x61	2.064876	Repacking	3.882924	1.818048
3x54	5x61	0.296529	Repacking	0.468512	0.171983
4x46	4x50	0.13727899999999993	Repacking	1.755353	1.618074
4x61	5x39	-1.5728150000000003	Repacking	4.941253	6.514068
172	5x39	3.060735	Switching	3.060735	0
5x47	5x48	-0.9882939999999998	Repacking	2.811385	3.799679
5x47	6x44	1.573916	Repacking	2.651231	1.077315
5x47	6x48	1.533056	Repacking	2.932668	1.399612
5x47	6x52	2.164003	Repacking	7.223287	5.059284
5x48	6x52	-0.016754999999999853	Repacking	1.545943	1.562698
5x54	5x58	1.82126	Switching	1.82126	0
5x54	6x44	0.694457	Switching	0.694457	0
5x58	5x61	-3.1591650000000002	Repacking	0.027774	3.186939
5x58	6x37	-1.1724550000000002	Repacking	3.386882	4.559337
5x58	6x40	2.55538	Switching	2.55538	0
6x32	6x36	1.120783	Switching	1.120783	0
6x36	6x40	0.103282	Switching	0.103282	0
6x40	7x53	-0.12549199999999994	Repacking	0.686663	0.812155
6x44	6x48	-4.200824	Repacking	4.490732	8.691556
6x48	6x52	1.1287269999999998	Repacking	2.338952	1.210225
6x48	7x41	-6.95749	Repacking	0.920944	7.878434
6x48	7x45	5.5891910000000005	Repacking	6.922799	1.333608
1x46	2x57	-0.720115	Switching	0	0.720115
1x53	7x53	-1.312032	Switching	0	1.312032
1x57	2x40	-0.475097	Switching	0	0.475097
60	8x47	-0.164367	Switching	0	0.164367
2x46	6x40	-0.19768	Switching	0	0.19768
2x49	2x50	-0.307105	Switching	0	0.307105
2x49	3x38	-0.181038	Switching	0	0.181038
2x53	2x58	-0.11129	Switching	0	0.11129
3x39	6x44	-1.151068	Switching	0	1.151068
3x43	5x54	-0.084967	Switching	0	0.084967
3x43	6x40	-0.770019	Switching	0	0.770019
3x46	6x37	-1.502721	Switching	0	1.502721
3x49	3x50	-4.89319	Switching	0	4.89319
3x50	138	-3.323381	Switching	0	3.323381
3x50	6x30	-4.572048	Switching	0	4.572048
3x50	6x33	-0.767844	Switching	0	0.767844
3x50	6x37	-1.008039	Switching	0	1.008039
138	6x30	-2.052905	Switching	0	2.052905
4x50	4x53	-0.268879	Switching	0	0.268879
6x30	6x33	-0.042517	Switching	0	0.042517
6x36	6x37	-0.364769	Switching	0	0.364769
6x36	7x53	-1.621995	Switching	0	1.621995
6x36	8x47	-0.913986	Switching	0	0.913986
6x44	7x45	-4.348756	Switching	0	4.348756
7x50	7x53	-0.011689	Switching	0	0.011689
7x50	8x54	-0.413972	Switching	0	0.413972
7x53	8x51	-0.036881	Switching	0	0.036881
