1x46	7x46	1.1169200000000004
1x47	2x51	-1.9614660000000002
1x50	2x50	-5.2509559999999995
1x50	2x51	-0.6917530000000001
1x52	8x54	-3.588375
1x57	2x40	0.38336400000000026
12x50	2x40	-0.5705310000000008
12x50	8x47	-0.265718
2x42	3x46	0.3256920000000001
2x42	3x49	-0.31277299999999997
2x42	4x46	-2.049658
2x45	4x46	-0.3671099999999998
2x45	4x50	-1.891644
2x46	3x39	-1.188291
2x46	3x43	-0.202364
2x46	7x53	0.669024
2x49	2x50	0.348783
2x49	3x38	0.302473
2x49	3x39	1.435967
2x49	4x50	0.89283
2x50	3x39	-5.140429
2x50	7x46	-3.7007600000000007
2x53	2x56	-0.8362260000000001
2x53	2x57	-3.9094860000000002
2x53	7x46	-2.523773
2x56	3x28	-0.8514759999999999
2x56	3x32	1.0915550000000005
2x57	7x39	-2.9434009999999997
23x50	3x25	2.5932569999999995
23x50	3x28	-4.373279
23x50	45x50	-1.0384879999999996
3x25	45x50	-0.7110329999999996
3x28	3x32	-0.9859719999999998
3x37	4x53	1.4052420000000003
3x38	4x50	-1.0942669999999999
3x38	4x53	-1.0992129999999998
3x39	7x45	-4.570786
3x43	5x54	0.3427579999999999
3x43	6x44	-3.07214
3x43	7x53	4.510795
3x46	3x50	1.792592
3x46	7x53	1.093979
3x49	34x53	-4.027909
3x50	5x58	2.729924
3x50	5x61	-0.7474540000000003
3x50	6x40	0.688946
3x50	7x53	5.494204
3x51	5x61	1.5776329999999998
4x46	4x50	0.64192
5x47	6x44	-0.5844690000000001
5x47	6x48	0.5993510000000004
5x47	6x52	-3.932773
5x58	5x61	0.880519
5x58	6x37	5.466109
5x58	6x40	0.582831
5x58	7x53	0.599869
5x61	6x33	0.340063
5x62	6x37	0.877022
6x36	6x37	0.201054
6x40	7x53	1.3958770000000003
6x44	6x48	-4.424837999999999
6x48	6x52	0.42358399999999996
6x48	7x41	-8.495076000000001
6x48	7x45	0.3309090000000001
6x61	301	-0.21955100000000005
1x46	1x50	-0.884664
1x46	2x50	-1.005688
1x46	2x57	-2.005617
1x49	7x50	-1.907622
1x50	7x46	-1.859726
1x50	7x50	-3.471384
1x52	8x58	-0.285124
1x53	1x57	-0.249254
1x53	7x53	-1.767898
1x53	8x54	-1.765376
1x57	12x50	-2.557784
2x46	6x40	-0.539863
2x53	3x39	-0.256191
3x28	45x50	-1.472738
3x39	6x44	-0.676281
3x39	6x48	-2.512271
3x39	7x46	-3.951875
3x43	6x40	-0.708225
3x46	6x37	-1.169251
3x50	3x54	-0.246834
3x50	6x30	-7.953282
3x50	6x33	-3.268596
3x50	6x37	-1.756237
3x54	5x61	-1.052639
5x48	6x52	-5.535135
5x58	5x62	-1.601125
6x29	6x30	-0.4044
6x29	6x32	-3.54111
6x29	8x47	-1.50504
6x32	6x33	-0.439591
6x32	6x36	-0.749006
6x32	8x47	-1.413395
6x36	6x40	-0.577019
6x36	7x53	-0.908212
6x44	7x45	-4.582517
