1x46	1x50	0.871988
1x46	2x50	-0.40302799999999994
1x46	2x57	-0.28893800000000003
1x46	7x46	-0.5025360000000001
1x47	2x51	-0.695365
1x49	7x50	-0.29959999999999987
1x50	2x50	0.3471359999999999
1x50	2x51	-0.685437
1x50	7x46	0.3180909999999999
1x50	7x50	1.7737990000000001
1x52	8x54	-1.3760809999999997
1x52	8x58	-0.3413860000000001
1x53	1x57	0.44956499999999994
1x53	7x50	-1.1327219999999998
1x53	8x54	-0.696891
1x57	12x50	-0.788889
1x57	2x40	-2.873845
12x50	2x40	-0.767347
2x42	3x46	-0.7949949999999999
2x42	3x49	1.510054
2x42	4x46	-1.2805220000000002
2x45	4x46	0.23901200000000022
2x45	4x50	-2.579503
2x46	2x50	2.039996
2x46	3x39	-1.2165670000000002
2x46	3x43	0.5546650000000001
2x46	7x53	-0.22496
2x49	2x50	0.284998
2x49	3x38	0.442173
2x49	4x50	0.31148
2x50	3x39	1.336126
2x50	7x46	-3.420750999999999
2x53	2x56	-0.7723180000000001
2x53	2x57	-1.2581729999999998
2x53	7x46	-0.34322799999999987
2x56	3x28	-0.9988500000000005
2x56	3x32	0.3129299999999997
2x57	7x39	0.8205529999999999
23x50	3x25	1.7045190000000003
23x50	3x28	-1.5162779999999998
23x50	45x50	-0.9775369999999999
3x25	45x50	-1.2849569999999995
3x28	3x32	0.200829
3x37	4x53	1.1079739999999996
3x38	4x50	-0.3924540000000001
3x38	4x53	1.7935949999999998
3x43	6x44	-1.1135069999999998
3x43	7x53	2.543387
3x46	3x50	0.64307
3x46	7x53	1.858912
3x49	3x50	-3.5584420000000003
3x49	34x53	6.394198
3x50	5x58	1.913735
3x50	5x61	-0.44515699999999997
3x50	6x40	1.201206
3x50	7x53	2.031144
3x51	5x61	-1.956223
3x54	5x61	-0.9085840000000001
4x46	4x50	-0.38092399999999993
4x60	173	-1.9740009999999995
4x60	5x39	0.284003
5x47	5x48	-0.48692
5x47	6x44	1.7227549999999998
5x47	6x48	1.136794
5x47	6x52	-2.5247919999999997
5x48	6x52	1.0258269999999996
5x54	5x58	0.628894
5x54	6x44	3.701102
5x58	5x61	-4.304822
5x58	6x37	0.6417710000000003
5x58	6x40	1.784966
5x58	7x53	0.226494
5x62	6x33	2.113973
5x62	6x37	2.096031
6x40	7x53	-1.622974
6x44	6x48	-5.201078
6x44	7x45	-2.7245369999999998
6x48	6x52	0.5096349999999998
6x48	7x41	2.2058210000000003
6x48	7x45	3.176587
1x53	7x53	-2.608615
2x46	6x40	-0.606952
2x53	2x58	-0.268189
2x53	3x32	-0.96219
2x53	6x48	-0.816903
3x28	45x50	-0.969164
3x39	6x44	-0.919988
3x43	6x40	-0.655672
3x46	6x37	-1.013465
3x50	34x53	-1.428323
3x50	6x37	-1.105501
3x54	34x53	-0.861591
34x53	6x30	-7.238858
34x53	6x31	-4.083137
5x58	5x62	-3.083483
6x29	6x30	-0.731776
6x30	6x31	-0.234861
7x50	8x54	-0.761793
7x53	8x54	-0.481968
