1x46	1x50	-0.21409299999999987
1x46	2x50	-1.113464
1x46	2x57	0.290238
1x46	7x46	-2.8975440000000003
1x47	2x51	-2.688186
1x49	7x50	-4.481388
1x50	2x50	3.550721
1x50	2x51	3.2428670000000004
1x50	7x50	-0.8952249999999999
1x52	8x54	4.44602
1x52	8x58	-0.21264999999999998
1x53	7x50	-1.29696
1x53	8x54	2.989107
1x57	12x50	-3.7947599999999992
12x50	2x40	-2.049823
2x42	3x46	-1.359225
2x42	3x49	4.215944
2x42	4x46	-0.35899499999999973
2x45	4x50	-0.6393059999999999
2x46	2x50	1.137069
2x46	3x39	-1.3240759999999998
2x46	3x43	0.8214440000000001
2x49	3x38	2.4048420000000004
2x49	3x39	1.4754770000000001
2x49	4x50	-2.4408050000000006
2x50	3x39	0.535477
2x50	7x46	-3.6442629999999996
2x50	7x50	0.294561
2x53	2x56	-0.33407600000000004
2x53	2x57	-3.160922
2x53	7x46	-1.913234
2x56	3x28	-2.5927049999999996
2x56	3x32	1.78559
2x57	7x39	-5.969328
23x50	3x25	-3.330076
23x50	3x28	-2.3834410000000004
23x50	45x50	-6.247962
3x25	45x50	1.418532
3x28	3x32	-0.403973
3x28	45x50	0.8194079999999999
3x37	4x53	2.2467680000000003
3x38	4x50	-0.3585820000000002
3x38	4x53	0.943095
3x43	5x54	-1.806099
3x43	6x44	-0.261093
3x43	7x53	2.83277
3x46	3x50	0.409142
3x46	7x53	1.287592
3x49	34x53	-4.7585690000000005
3x50	5x58	0.48334600000000005
3x50	5x61	-3.87317
3x50	6x40	1.088994
3x50	7x53	2.243131
3x51	5x61	-3.990275
3x54	5x61	-0.345445
4x46	4x50	0.2815860000000001
4x60	173	-1.39027
4x60	5x39	1.062662
5x47	5x48	2.1592130000000003
5x47	6x48	-0.49153100000000016
5x47	6x52	-8.777118999999999
5x48	6x52	-4.151325
5x54	5x58	1.283424
5x54	6x44	2.60899
5x54	7x53	0.281333
5x58	6x37	-2.556072
5x58	6x40	2.04822
5x58	7x53	0.386336
5x61	6x37	0.308815
5x62	6x30	0.917812
5x62	6x33	0.837561
5x62	6x37	2.356724
6x32	6x36	0.34727
6x33	6x37	0.901435
6x36	6x40	0.33640300000000006
6x40	7x53	-1.407724
6x44	6x48	-1.8381949999999998
6x44	7x45	-3.288619
6x48	6x52	0.3484750000000001
6x48	7x41	-3.8858119999999996
6x48	7x45	1.8059049999999999
6x61	301	5.539341
1x50	7x46	-2.279097
1x53	7x53	-2.623159
1x57	2x40	-1.556506
1x57	8x51	-0.379606
12x50	8x51	-1.090149
12x50	8x54	-1.258835
2x40	8x51	-5.482751
2x46	6x40	-0.535196
2x53	2x58	-0.821559
3x39	6x44	-2.03956
3x43	3x46	-0.314842
3x43	6x40	-1.106852
3x46	6x37	-0.970512
3x49	3x50	-3.391921
3x50	34x53	-6.353657
3x50	6x37	-1.155577
4x50	4x53	-0.228343
173	5x39	-5.627623
5x58	5x61	-1.967646
6x30	6x31	-2.557541
6x32	8x47	-6.921807
6x33	6x36	-0.243994
6x33	8x47	-0.660257
6x36	6x37	-0.784731
6x36	8x47	-14.865033
7x53	8x51	-10.532141
8x54	8x58	-7.716553
