1x46	7x46	1.8959920000000001	Repacking	3.359262	1.46327
1x47	2x51	-1.3415439999999998	Repacking	0.391838	1.733382
1x50	2x46	0.13174999999999998	Repacking	0.151661	0.019911
1x50	2x50	-4.8772969999999995	Repacking	0.541114	5.418411
1x50	2x51	-1.8410220000000002	Repacking	0.672256	2.513278
1x52	1x53	0.170413	Switching	0.170413	0
1x52	8x54	-3.627339	Repacking	1.303713	4.931052
1x53	7x50	0.132345	Repacking	0.626408	0.494063
1x57	2x40	-0.2964229999999999	Repacking	2.672514	2.968937
54	2x40	-0.8512170000000001	Repacking	5.97587	6.827087
54	8x47	-0.23269199999999998	Repacking	0.075935	0.308627
2x40	8x47	0.032036	Switching	0.032036	0
2x42	3x46	0.08107799999999976	Repacking	2.4829	2.401822
2x42	3x49	0.4600589999999998	Repacking	2.824391	2.364332
2x42	4x46	-1.482029	Repacking	0.45773	1.939759
2x45	4x46	-0.5174620000000001	Repacking	2.589677	3.107139
2x45	4x50	-2.5116870000000002	Repacking	0.652163	3.16385
2x46	2x50	-0.484421	Repacking	0.157543	0.641964
2x46	3x39	-1.0561239999999998	Repacking	0.027009	1.083133
2x46	3x43	-0.004062999999999928	Repacking	0.722983	0.727046
2x46	3x46	0.055119	Switching	0.055119	0
2x46	7x53	0.669024	Switching	0.669024	0
2x49	2x50	0.454729	Switching	0.454729	0
2x49	3x38	0.302473	Switching	0.302473	0
2x49	3x39	1.176916	Repacking	1.435967	0.259051
2x49	4x50	0.624136	Repacking	2.979597	2.355461
2x50	3x39	1.557524	Switching	1.557524	0
2x50	7x45	0.131791	Switching	0.131791	0
2x50	7x46	-3.0648400000000002	Repacking	7.901425	10.966265
2x53	2x56	-0.6285719999999999	Repacking	1.409301	2.037873
2x53	2x57	-2.468922	Repacking	0.666754	3.135676
2x53	3x32	-0.31840900000000005	Repacking	0.68921	1.007619
2x53	7x46	-2.038259	Repacking	0.295744	2.334003
2x56	3x28	-1.1645249999999998	Repacking	1.375401	2.539926
2x56	3x32	3.9442930000000005	Repacking	6.066582	2.122289
2x57	7x39	-3.4101180000000006	Repacking	0.707711	4.117829
89	3x25	2.5926579999999992	Repacking	9.813277	7.220619
89	3x28	-3.041849	Repacking	0.03797	3.079819
89	176	-0.770267	Repacking	2.038638	2.808905
3x25	176	0.48229900000000026	Repacking	5.954704	5.472405
3x28	3x32	1.006284	Repacking	1.04568	0.039396
3x37	4x53	0.6815100000000003	Repacking	8.179976	7.498466
3x38	4x50	-0.748011	Repacking	2.875305	3.623316
3x38	4x53	-1.3084500000000001	Repacking	2.707031	4.015481
3x39	7x45	0.172665	Switching	0.172665	0
3x43	5x54	-0.04865000000000008	Repacking	1.429781	1.478431
3x43	6x44	-2.599858	Repacking	0.01215	2.612008
3x43	7x53	4.510795	Switching	4.510795	0
3x46	3x50	1.792592	Switching	1.792592	0
3x46	5x58	0.066364	Switching	0.066364	0
3x46	7x53	1.093979	Switching	1.093979	0
3x49	131	-3.2927969999999993	Repacking	6.096084	9.388881
3x50	5x58	2.729924	Switching	2.729924	0
3x50	5x61	-1.344922	Repacking	2.967024	4.311946
3x50	6x40	0.688946	Switching	0.688946	0
3x50	7x53	5.494204	Switching	5.494204	0
3x51	5x61	0.48261600000000016	Repacking	3.273113	2.790497
4x46	4x50	0.5285839999999999	Repacking	1.895996	1.367412
4x64	5x39	0.163089	Switching	0.163089	0
5x47	5x48	-1.0388070000000003	Repacking	2.910115	3.948922
5x47	6x44	-0.30065299999999984	Repacking	1.913829	2.214482
5x47	6x48	0.6397149999999998	Repacking	5.028424	4.388709
5x47	6x52	-4.385488	Repacking	5.932678	10.318166
5x54	6x44	0.17621200000000004	Repacking	1.388024	1.211812
5x58	5x61	0.948639	Switching	0.948639	0
5x58	6x37	5.442887000000001	Repacking	5.466109	0.023222
5x58	6x40	0.582831	Switching	0.582831	0
5x58	7x53	0.599869	Switching	0.599869	0
5x61	6x33	0.340063	Switching	0.340063	0
5x62	6x37	0.877022	Switching	0.877022	0
6x33	6x37	-0.112261	Repacking	0.126588	0.238849
6x36	6x37	0.201054	Switching	0.201054	0
6x40	7x53	1.621404	Repacking	2.778182	1.156778
6x44	6x48	-4.366085999999999	Repacking	2.971936	7.338022
6x48	6x52	0.35856499999999997	Repacking	0.719869	0.361304
6x48	7x41	-8.396705	Repacking	0.298013	8.694718
6x48	7x45	-0.27095499999999983	Repacking	4.334093	4.605048
6x61	416	0.20874999999999977	Repacking	3.091135	2.882385
1x46	1x50	-1.282424	Switching	0	1.282424
1x46	2x50	-1.021993	Switching	0	1.021993
1x46	2x57	-1.463935	Switching	0	1.463935
1x49	7x50	-0.618615	Switching	0	0.618615
1x50	7x46	-0.879265	Switching	0	0.879265
1x50	7x50	-2.817958	Switching	0	2.817958
1x52	8x58	-1.042989	Switching	0	1.042989
1x53	1x57	-0.638358	Switching	0	0.638358
1x53	7x53	-2.02189	Switching	0	2.02189
1x53	8x54	-1.672497	Switching	0	1.672497
1x57	54	-3.426992	Switching	0	3.426992
2x46	6x40	-0.400463	Switching	0	0.400463
3x28	176	-1.411545	Switching	0	1.411545
3x39	6x48	-0.219178	Switching	0	0.219178
3x43	6x40	-0.7159	Switching	0	0.7159
3x46	6x37	-0.587058	Switching	0	0.587058
3x50	3x54	-1.161281	Switching	0	1.161281
3x50	6x31	-3.178593	Switching	0	3.178593
3x50	6x33	-2.804946	Switching	0	2.804946
3x50	6x37	-1.698454	Switching	0	1.698454
3x54	5x61	-0.891142	Switching	0	0.891142
5x48	6x52	-4.026181	Switching	0	4.026181
5x58	5x62	-1.5378	Switching	0	1.5378
6x31	6x33	-0.284737	Switching	0	0.284737
6x32	6x33	-0.12609	Switching	0	0.12609
6x32	6x36	-0.653898	Switching	0	0.653898
6x32	8x47	-1.981128	Switching	0	1.981128
6x36	6x40	-0.72702	Switching	0	0.72702
6x36	7x53	-1.102942	Switching	0	1.102942
6x44	7x45	-3.994177	Switching	0	3.994177
7x50	7x53	-0.169772	Switching	0	0.169772
