1x46	7x46	1.8959920000000001
1x47	2x51	-1.3415439999999998
1x50	2x50	-4.8772969999999995
1x50	2x51	-1.8410220000000002
1x52	8x54	-3.627339
1x57	2x40	-0.2964229999999999
12x50	2x40	-0.8512170000000001
12x50	8x47	-0.23269199999999998
2x42	3x49	0.4600589999999998
2x42	4x46	-1.482029
2x45	4x46	-0.5174620000000001
2x45	4x50	-2.5116870000000002
2x46	2x50	-0.484421
2x46	3x39	-1.0561239999999998
2x46	7x53	0.669024
2x49	2x50	0.454729
2x49	3x38	0.302473
2x49	3x39	1.176916
2x49	4x50	0.624136
2x50	3x39	1.557524
2x50	7x46	-3.0648400000000002
2x53	2x56	-0.6285719999999999
2x53	2x57	-2.468922
2x53	3x32	-0.31840900000000005
2x53	7x46	-2.038259
2x56	3x28	-1.1645249999999998
2x56	3x32	3.9442930000000005
2x57	7x39	-3.4101180000000006
23x50	3x25	2.5926579999999992
23x50	3x28	-3.041849
23x50	45x50	-0.770267
3x25	45x50	0.48229900000000026
3x28	3x32	1.006284
3x37	4x53	0.6815100000000003
3x38	4x50	-0.748011
3x38	4x53	-1.3084500000000001
3x43	6x44	-2.599858
3x43	7x53	4.510795
3x46	3x50	1.792592
3x46	7x53	1.093979
3x49	34x53	-3.2927969999999993
3x50	5x58	2.729924
3x50	5x61	-1.344922
3x50	6x40	0.688946
3x50	7x53	5.494204
3x51	5x61	0.48261600000000016
4x46	4x50	0.5285839999999999
5x47	5x48	-1.0388070000000003
5x47	6x44	-0.30065299999999984
5x47	6x48	0.6397149999999998
5x47	6x52	-4.385488
5x58	5x61	0.948639
5x58	6x37	5.442887000000001
5x58	6x40	0.582831
5x58	7x53	0.599869
5x61	6x33	0.340063
5x62	6x37	0.877022
6x36	6x37	0.201054
6x40	7x53	1.621404
6x44	6x48	-4.366085999999999
6x48	6x52	0.35856499999999997
6x48	7x41	-8.396705
6x48	7x45	-0.27095499999999983
6x61	301	0.20874999999999977
1x46	1x50	-1.282424
1x46	2x50	-1.021993
1x46	2x57	-1.463935
1x49	7x50	-0.618615
1x50	7x46	-0.879265
1x50	7x50	-2.817958
1x52	8x58	-1.042989
1x53	1x57	-0.638358
1x53	7x53	-2.02189
1x53	8x54	-1.672497
1x57	12x50	-3.426992
2x46	6x40	-0.400463
3x28	45x50	-1.411545
3x39	6x48	-0.219178
3x43	6x40	-0.7159
3x46	6x37	-0.587058
3x50	3x54	-1.161281
3x50	6x31	-3.178593
3x50	6x33	-2.804946
3x50	6x37	-1.698454
3x54	5x61	-0.891142
5x48	6x52	-4.026181
5x58	5x62	-1.5378
6x31	6x33	-0.284737
6x32	6x36	-0.653898
6x32	8x47	-1.981128
6x36	6x40	-0.72702
6x36	7x53	-1.102942
6x44	7x45	-3.994177
