1x46	7x46	3.359262
1x47	2x51	0.391838
1x50	2x46	0.151661
1x50	2x50	0.541114
1x50	2x51	0.672256
1x52	1x53	0.170413
1x52	8x54	1.303713
1x53	7x50	0.626408
1x57	2x40	2.672514
54	2x40	5.975870
54	8x47	0.075935
2x40	8x47	0.032036
2x42	3x46	2.482900
2x42	3x49	2.824391
2x42	4x46	0.457730
2x45	4x46	2.589677
2x45	4x50	0.652163
2x46	2x50	0.157543
2x46	3x39	0.027009
2x46	3x43	0.722983
2x46	3x46	0.055119
2x46	7x53	0.669024
2x49	2x50	0.454729
2x49	3x38	0.302473
2x49	3x39	1.435967
2x49	4x50	2.979597
2x50	3x39	1.557524
2x50	7x45	0.131791
2x50	7x46	7.901425
2x53	2x56	1.409301
2x53	2x57	0.666754
2x53	3x32	0.689210
2x53	7x46	0.295744
2x56	3x28	1.375401
2x56	3x32	6.066582
2x57	7x39	0.707711
89	3x25	9.813277
89	3x28	0.037970
89	176	2.038638
3x25	176	5.954704
3x28	3x32	1.045680
3x37	4x53	8.179976
3x38	4x50	2.875305
3x38	4x53	2.707031
3x39	7x45	0.172665
3x43	5x54	1.429781
3x43	6x44	0.012150
3x43	7x53	4.510795
3x46	3x50	1.792592
3x46	5x58	0.066364
3x46	7x53	1.093979
3x49	131	6.096084
3x50	5x58	2.729924
3x50	5x61	2.967024
3x50	6x40	0.688946
3x50	7x53	5.494204
3x51	5x61	3.273113
4x46	4x50	1.895996
4x64	5x39	0.163089
5x47	5x48	2.910115
5x47	6x44	1.913829
5x47	6x48	5.028424
5x47	6x52	5.932678
5x54	6x44	1.388024
5x58	5x61	0.948639
5x58	6x37	5.466109
5x58	6x40	0.582831
5x58	7x53	0.599869
5x61	6x33	0.340063
5x62	6x37	0.877022
6x33	6x37	0.126588
6x36	6x37	0.201054
6x40	7x53	2.778182
6x44	6x48	2.971936
6x48	6x52	0.719869
6x48	7x41	0.298013
6x48	7x45	4.334093
6x61	416	3.091135
