1x46	7x46	2.299067	Repacking	3.359262	1.060195
1x47	2x51	-3.45502	Repacking	0.391838	3.846858
1x50	2x46	0.023233000000000004	Repacking	0.151661	0.128428
1x50	2x50	-4.866185	Repacking	0.541114	5.407299
1x50	2x51	-1.78681	Repacking	0.672256	2.459066
1x52	1x53	0.170413	Switching	0.170413	0
1x52	8x54	-4.5019409999999995	Repacking	1.303713	5.805654
1x53	7x50	-0.755219	Repacking	0.626408	1.381627
1x57	2x40	-0.4482170000000001	Repacking	2.672514	3.120731
54	2x40	-0.4605770000000007	Repacking	5.97587	6.436447
54	8x47	-0.018702999999999997	Repacking	0.075935	0.094638
2x40	8x47	0.032036	Switching	0.032036	0
2x42	3x46	0.2062710000000001	Repacking	2.4829	2.276629
2x42	3x49	2.048612	Repacking	2.824391	0.775779
2x42	4x46	-0.476168	Repacking	0.45773	0.933898
2x45	4x46	1.23861	Repacking	2.589677	1.351067
2x45	4x50	-3.7301970000000004	Repacking	0.652163	4.38236
2x46	2x50	0.01772499999999999	Repacking	0.157543	0.139818
2x46	3x39	-0.562303	Repacking	0.027009	0.589312
2x46	3x43	0.722983	Switching	0.722983	0
2x46	3x46	0.055119	Switching	0.055119	0
2x46	7x53	-0.8941260000000001	Repacking	0.669024	1.56315
2x49	2x50	0.424431	Repacking	0.454729	0.030298
2x49	3x38	0.302473	Switching	0.302473	0
2x49	3x39	0.608196	Repacking	1.435967	0.827771
2x49	4x50	0.26913100000000023	Repacking	2.979597	2.710466
2x50	3x39	1.4795269999999998	Repacking	1.557524	0.077997
2x50	7x45	0.131791	Switching	0.131791	0
2x50	7x46	-4.3019739999999995	Repacking	7.901425	12.203399
2x53	2x56	-0.815024	Repacking	1.409301	2.224325
2x53	2x57	-3.160449	Repacking	0.666754	3.827203
2x53	3x32	0.055657999999999985	Repacking	0.68921	0.633552
2x53	7x46	-2.056589	Repacking	0.295744	2.352333
2x56	3x28	-3.7456309999999995	Repacking	1.375401	5.121032
2x56	3x32	2.5681000000000003	Repacking	6.066582	3.498482
2x57	7x39	-2.306348	Repacking	0.707711	3.014059
89	3x25	4.710532	Repacking	9.813277	5.102745
89	3x28	-2.355295	Repacking	0.03797	2.393265
89	176	-0.42105099999999984	Repacking	2.038638	2.459689
3x25	176	-0.7804639999999994	Repacking	5.954704	6.735168
3x28	3x32	1.04568	Switching	1.04568	0
3x37	4x53	0.47181300000000004	Repacking	8.179976	7.708163
3x38	4x50	0.8825810000000001	Repacking	2.875305	1.992724
3x38	4x53	-0.62398	Repacking	2.707031	3.331011
3x39	7x45	0.172665	Switching	0.172665	0
3x43	5x54	-0.23432500000000012	Repacking	1.429781	1.664106
3x43	6x44	-4.2923599999999995	Repacking	0.01215	4.30451
3x43	7x53	4.510795	Switching	4.510795	0
3x46	3x50	1.792592	Switching	1.792592	0
3x46	5x58	-0.606581	Repacking	0.066364	0.672945
3x46	7x53	1.093979	Switching	1.093979	0
3x49	131	-0.5963729999999998	Repacking	6.096084	6.692457
3x50	5x58	1.9323890000000001	Repacking	2.729924	0.797535
3x50	5x61	0.29025999999999996	Repacking	2.967024	2.676764
3x50	6x40	0.688946	Switching	0.688946	0
3x50	7x53	5.494204	Switching	5.494204	0
3x51	5x61	0.15801299999999996	Repacking	3.273113	3.1151
4x46	4x50	0.31496999999999997	Repacking	1.895996	1.581026
4x64	5x39	0.163089	Switching	0.163089	0
5x47	5x48	2.271073	Repacking	2.910115	0.639042
5x47	6x44	-1.07161	Repacking	1.913829	2.985439
5x47	6x48	-0.8348759999999995	Repacking	5.028424	5.8633
5x47	6x52	-5.144417999999999	Repacking	5.932678	11.077096
5x54	6x44	1.079041	Repacking	1.388024	0.308983
5x58	5x61	-0.43984200000000007	Repacking	0.948639	1.388481
5x58	6x37	3.3127720000000003	Repacking	5.466109	2.153337
5x58	6x40	0.582831	Switching	0.582831	0
5x58	7x53	0.599869	Switching	0.599869	0
5x61	6x33	0.340063	Switching	0.340063	0
5x62	6x37	0.877022	Switching	0.877022	0
6x33	6x37	-0.821191	Repacking	0.126588	0.947779
6x36	6x37	0.201054	Switching	0.201054	0
6x40	7x53	0.5897200000000002	Repacking	2.778182	2.188462
6x44	6x48	-6.089737000000001	Repacking	2.971936	9.061673
6x48	6x52	0.13370399999999993	Repacking	0.719869	0.586165
6x48	7x41	-1.686365	Repacking	0.298013	1.984378
6x48	7x45	2.118011	Repacking	4.334093	2.216082
6x61	416	-0.328214	Repacking	3.091135	3.419349
1x46	1x50	-0.693423	Switching	0	0.693423
1x46	2x50	-0.849852	Switching	0	0.849852
1x46	2x57	-1.399247	Switching	0	1.399247
1x49	7x50	-2.63471	Switching	0	2.63471
1x50	7x46	-1.824734	Switching	0	1.824734
1x50	7x50	-2.86718	Switching	0	2.86718
1x52	8x58	-0.792672	Switching	0	0.792672
1x53	1x57	-0.202368	Switching	0	0.202368
1x53	7x53	-2.153294	Switching	0	2.153294
1x53	8x54	-4.040886	Switching	0	4.040886
1x57	54	-1.791856	Switching	0	1.791856
2x46	6x40	-0.300572	Switching	0	0.300572
3x28	176	-1.105917	Switching	0	1.105917
3x43	6x40	-0.864124	Switching	0	0.864124
3x46	6x37	-1.673283	Switching	0	1.673283
3x49	3x50	-3.221722	Switching	0	3.221722
3x50	6x33	-1.63023	Switching	0	1.63023
3x50	6x37	-1.9708	Switching	0	1.9708
3x54	5x61	-1.117305	Switching	0	1.117305
5x48	6x52	-4.258324	Switching	0	4.258324
5x54	5x58	-0.126931	Switching	0	0.126931
6x29	6x32	-2.783993	Switching	0	2.783993
6x31	6x33	-1.558722	Switching	0	1.558722
6x32	8x47	-4.358812	Switching	0	4.358812
6x36	6x40	-0.570634	Switching	0	0.570634
6x36	7x53	-0.549277	Switching	0	0.549277
6x36	8x47	-0.083047	Switching	0	0.083047
6x44	7x45	-2.735758	Switching	0	2.735758
7x50	8x54	-0.521239	Switching	0	0.521239
