1x46	2x50	-1.043856
1x46	2x57	1.326582
1x46	7x46	-1.8649030000000002
1x47	2x51	-2.5345189999999995
1x49	7x50	-3.936668
1x50	2x50	3.5140100000000003
1x50	2x51	3.8130380000000006
1x50	7x46	-1.9747500000000002
1x50	7x50	-0.37372800000000006
1x52	8x54	3.921467
1x52	8x58	-0.320107
1x53	7x50	-1.174526
1x53	8x54	2.875582
1x57	12x50	-3.8138689999999995
12x50	2x40	-2.7602209999999996
2x42	3x46	-1.0366849999999999
2x42	3x49	4.322668999999999
2x42	4x46	-0.3500099999999997
2x45	4x46	-1.864452
2x46	2x50	1.212908
2x46	3x39	-0.74352
2x46	3x43	0.9064399999999999
2x46	3x46	0.796271
2x49	3x38	3.0190099999999997
2x49	3x39	2.242471
2x49	4x50	-2.020735
2x50	3x39	1.360548
2x50	7x46	-2.169212
2x53	2x56	-0.385343
2x53	2x57	-3.4155759999999997
2x53	7x46	-1.514907
2x56	3x28	-3.7174169999999997
2x56	3x32	-0.7882500000000001
2x57	7x39	-5.831683
23x50	3x25	-3.545271
23x50	3x28	-1.7638140000000002
23x50	45x50	-2.1234010000000003
3x25	45x50	0.7492989999999997
3x28	45x50	0.953873
3x37	4x53	2.594208
3x38	4x50	-0.40380300000000036
3x38	4x53	0.9450740000000004
3x43	5x54	-1.7699079999999998
3x43	6x44	-0.40667300000000006
3x43	7x53	2.557702
3x46	3x50	0.7510640000000001
3x46	7x53	1.556888
3x49	34x53	-5.355676000000001
3x50	5x61	-3.9760739999999997
3x50	6x40	0.756865
3x50	7x53	3.367619
3x51	5x61	-3.230817
3x54	5x61	-0.6318309999999999
4x60	173	-1.1915939999999998
4x60	5x39	1.14539
5x47	5x48	0.3550629999999999
5x47	6x48	-0.7579199999999999
5x47	6x52	-7.920748
5x48	6x52	-4.8715790000000005
5x54	5x58	1.02697
5x54	6x44	2.364453
5x58	5x61	-1.778541
5x58	6x37	-2.4929490000000003
5x58	6x40	0.915159
5x58	7x53	0.475783
5x62	6x30	1.09056
5x62	6x33	1.030863
5x62	6x37	2.087309
6x33	6x37	0.500233
6x40	7x53	-1.0513590000000002
6x44	6x48	-2.535527
6x44	7x45	-4.441829
6x48	6x52	0.42544700000000013
6x48	7x41	-2.892436
6x48	7x45	2.4456170000000004
6x61	301	4.38051
1x53	7x53	-2.623159
1x57	2x40	-1.556506
1x57	8x51	-0.379606
12x50	8x51	-1.090149
12x50	8x54	-1.258835
2x40	8x51	-5.482751
2x46	6x40	-0.535196
2x53	2x58	-0.821559
3x39	6x44	-2.03956
3x43	6x40	-1.106852
3x46	6x37	-0.970512
3x49	3x50	-3.391921
3x50	34x53	-6.353657
3x50	6x37	-1.155577
4x50	4x53	-0.228343
173	5x39	-5.627623
6x30	6x31	-2.557541
6x32	8x47	-6.921807
6x33	6x36	-0.243994
6x33	8x47	-0.660257
6x36	6x37	-0.784731
6x36	8x47	-14.865033
7x53	8x51	-10.532141
8x54	8x58	-7.716553
