1x46	1x50	-0.26036899999999996	Repacking	0.994118	1.254487
1x46	2x50	-0.839887	Repacking	0.518327	1.358214
1x46	2x57	2.739022	Switching	2.739022	0
1x46	7x46	-1.2006970000000003	Repacking	2.506102	3.706799
1x47	2x51	-2.605927	Repacking	0.735372	3.341299
1x49	7x50	-3.537643	Repacking	1.029349	4.566992
1x50	2x50	3.029945	Repacking	7.015264	3.985319
1x50	2x51	3.0090580000000005	Repacking	4.720239	1.711181
1x50	7x46	-1.338521	Repacking	0.940576	2.279097
1x50	7x50	-0.28005900000000006	Repacking	1.857637	2.137696
1x52	8x53	0.835786	Switching	0.835786	0
1x52	8x57	-0.24122899999999997	Repacking	0.08738	0.328609
1x53	7x50	-1.142719	Repacking	0.516174	1.658893
1x53	8x53	1.096354	Switching	1.096354	0
1x57	54	-2.0721539999999994	Repacking	3.267164	5.339318
54	2x40	-2.868595	Repacking	1.990251	4.858846
2x42	3x46	-1.7431729999999999	Repacking	0.884304	2.627477
2x42	3x49	4.367195000000001	Repacking	5.418585	1.05139
2x42	4x46	-0.38194799999999995	Repacking	2.591258	2.973206
2x45	4x46	-2.0496670000000003	Repacking	1.0224	3.072067
2x45	4x50	1.0562079999999998	Repacking	4.299295	3.243087
2x46	2x50	0.866087	Repacking	1.560616	0.694529
2x46	3x39	-1.4078239999999997	Repacking	0.815265	2.223089
2x46	3x43	0.9884629999999999	Repacking	2.074674	1.086211
2x46	3x46	0.874677	Switching	0.874677	0
2x46	7x53	0.05804100000000001	Repacking	0.761355	0.703314
2x49	3x38	3.6765369999999997	Repacking	4.383489	0.706952
2x49	3x39	1.8486500000000001	Repacking	3.196816	1.348166
2x49	4x50	-2.1905720000000004	Repacking	3.587834	5.778406
2x50	3x39	1.555602	Repacking	2.051122	0.49552
2x50	7x46	-2.4813659999999995	Repacking	8.034224	10.51559
2x53	2x56	-0.18234100000000003	Repacking	0.325524	0.507865
2x53	2x57	-0.40234599999999965	Repacking	5.610743	6.013089
2x53	2x58	-0.661651	Repacking	0.159908	0.821559
2x53	7x46	-1.705615	Repacking	0.435227	2.140842
2x56	3x28	-4.006295	Repacking	2.471692	6.477987
2x56	3x32	-2.793904	Repacking	1.490548	4.284452
2x57	2x58	-0.09796499999999997	Repacking	0.716168	0.814133
2x57	7x39	-6.1134390000000005	Repacking	0.729931	6.84337
2x57	7x46	0.264167	Switching	0.264167	0
90	3x25	-2.7243449999999996	Repacking	4.279492	7.003837
90	3x28	-1.6292380000000002	Repacking	1.326284	2.955522
90	186	-2.188523000000001	Repacking	5.858648	8.047171
3x25	186	1.6713879999999994	Repacking	7.622843	5.951455
3x28	3x32	1.100534	Repacking	1.679536	0.579002
3x28	186	0.6152650000000001	Repacking	0.892534	0.277269
3x37	4x53	0.21159300000000014	Repacking	2.259141	2.047548
3x38	4x50	-1.7318460000000002	Repacking	1.654631	3.386477
3x38	4x53	0.4293340000000003	Repacking	3.069519	2.640185
3x39	3x43	0.046743	Switching	0.046743	0
3x43	3x46	-0.238767	Repacking	0.076075	0.314842
3x43	5x54	-0.5863079999999998	Repacking	1.731913	2.318221
3x43	6x44	-0.36127200000000004	Repacking	1.62392	1.985192
3x43	7x53	2.718794	Switching	2.718794	0
3x46	3x50	1.2450139999999998	Repacking	1.620342	0.375328
3x46	7x53	0.393064	Switching	0.393064	0
3x49	131	-4.122241	Repacking	4.784137	8.906378
3x50	5x58	-0.007094000000000045	Repacking	0.710463	0.717557
3x50	5x61	-4.291138999999999	Repacking	0.913331	5.20447
3x50	6x40	0.848547	Switching	0.848547	0
3x50	7x53	3.434188	Switching	3.434188	0
3x51	5x61	-3.855149	Repacking	1.91453	5.769679
3x54	5x61	-0.7959649999999999	Repacking	0.555516	1.351481
4x46	4x50	0.3795550000000001	Repacking	1.324143	0.944588
4x60	163	1.818028	Repacking	4.907831	3.089803
4x60	5x39	1.161813	Repacking	2.713587	1.551774
5x47	5x48	-0.4086970000000001	Repacking	2.136202	2.544899
5x47	6x48	-1.129581	Repacking	2.301714	3.431295
5x47	6x52	-5.806009999999999	Repacking	10.037544	15.843554
5x48	6x52	-4.343889	Repacking	1.859231	6.20312
5x54	5x58	1.248481	Switching	1.248481	0
5x54	6x44	1.337558	Switching	1.337558	0
5x58	5x61	-1.691404	Repacking	0.276242	1.967646
5x58	6x37	-2.469709	Repacking	1.498126	3.967835
5x58	6x40	0.763947	Switching	0.763947	0
5x58	7x53	0.120531	Switching	0.120531	0
5x62	6x33	1.264366	Switching	1.264366	0
5x62	6x37	2.171591	Switching	2.171591	0
6x32	6x36	0.233272	Switching	0.233272	0
6x36	6x40	-0.03526499999999996	Repacking	0.221952	0.257217
6x40	7x53	-0.9592140000000002	Repacking	1.378888	2.338102
6x44	6x48	-2.223161	Repacking	2.973934	5.197095
6x44	7x45	-2.31564	Repacking	4.497935	6.813575
6x48	6x52	1.044333	Repacking	2.75332	1.708987
6x48	7x41	-2.291034	Repacking	7.268072	9.559106
6x48	7x45	2.6687510000000003	Repacking	3.721388	1.052637
6x61	7x28	3.711321	Switching	3.711321	0
1x53	7x53	-2.623159	Switching	0	2.623159
1x57	2x40	-1.556506	Switching	0	1.556506
1x57	8x50	-0.379606	Switching	0	0.379606
54	8x50	-1.090149	Switching	0	1.090149
54	8x53	-1.258835	Switching	0	1.258835
2x40	8x50	-5.482751	Switching	0	5.482751
2x46	6x40	-0.535196	Switching	0	0.535196
3x39	6x44	-2.03956	Switching	0	2.03956
3x43	6x40	-1.106852	Switching	0	1.106852
3x46	6x37	-0.970512	Switching	0	0.970512
3x49	3x50	-3.391921	Switching	0	3.391921
3x50	131	-6.353657	Switching	0	6.353657
3x50	6x37	-1.155577	Switching	0	1.155577
4x50	4x53	-0.228343	Switching	0	0.228343
163	5x39	-5.627623	Switching	0	5.627623
5x47	6x44	-0.117392	Switching	0	0.117392
5x53	5x58	-0.011167	Switching	0	0.011167
5x58	6x33	-0.069277	Switching	0	0.069277
6x29	6x33	-0.153174	Switching	0	0.153174
6x30	6x31	-2.557541	Switching	0	2.557541
6x32	7x56	-6.921807	Switching	0	6.921807
6x33	6x36	-0.243994	Switching	0	0.243994
6x33	7x56	-0.660257	Switching	0	0.660257
6x36	6x37	-0.784731	Switching	0	0.784731
6x36	7x53	-0.026497	Switching	0	0.026497
6x36	7x56	-14.865033	Switching	0	14.865033
7x53	8x50	-10.532141	Switching	0	10.532141
8x53	8x57	-7.716553	Switching	0	7.716553
