1x46	1x50	0.01385600000000009	Repacking	1.268343	1.254487
1x46	2x50	-1.151373	Repacking	0.206841	1.358214
1x46	2x57	1.272047	Switching	1.272047	0
1x46	7x46	-3.113238	Repacking	0.593561	3.706799
1x47	1x52	0.039958	Switching	0.039958	0
1x47	2x51	-3.2806819999999997	Repacking	0.060617	3.341299
1x49	7x50	-2.93414	Repacking	1.632852	4.566992
1x50	2x50	3.256599	Repacking	7.241918	3.985319
1x50	2x51	3.891636	Repacking	5.602817	1.711181
1x50	7x46	-1.7447510000000002	Repacking	0.534346	2.279097
1x50	7x50	0.08592999999999984	Repacking	2.223626	2.137696
1x52	8x53	6.46412	Switching	6.46412	0
1x52	8x57	-0.299515	Repacking	0.029094	0.328609
1x53	7x50	-0.593488	Repacking	1.065405	1.658893
1x53	8x53	3.061618	Switching	3.061618	0
1x57	54	-4.088894	Repacking	1.250424	5.339318
54	2x40	-0.6707609999999997	Repacking	4.188085	4.858846
2x42	3x46	-0.37255099999999963	Repacking	2.254926	2.627477
2x42	3x49	3.6986719999999997	Repacking	4.750062	1.05139
2x42	4x46	-0.5089219999999997	Repacking	2.464284	2.973206
2x45	4x46	-0.7280169999999999	Repacking	2.34405	3.072067
2x45	4x50	0.6751429999999998	Repacking	3.91823	3.243087
2x46	2x49	0.675373	Switching	0.675373	0
2x46	2x50	1.0118310000000001	Repacking	1.70636	0.694529
2x46	3x39	0.0441720000000001	Repacking	2.267261	2.223089
2x46	3x43	1.0697649999999999	Repacking	2.155976	1.086211
2x46	3x46	1.115355	Switching	1.115355	0
2x46	7x53	0.268957	Repacking	0.972271	0.703314
2x49	2x50	0.862792	Switching	0.862792	0
2x49	3x38	0.4018329999999999	Repacking	1.108785	0.706952
2x49	3x39	2.094685	Repacking	3.442851	1.348166
2x49	4x50	-2.4518170000000006	Repacking	3.326589	5.778406
2x50	3x39	1.3769580000000001	Repacking	1.872478	0.49552
2x50	7x46	-4.793698999999999	Repacking	5.721891	10.51559
2x53	2x56	-0.31690700000000005	Repacking	0.190958	0.507865
2x53	2x57	-2.094967	Repacking	3.918122	6.013089
2x53	2x58	-0.6893360000000001	Repacking	0.132223	0.821559
2x53	7x46	-0.8690230000000001	Repacking	1.271819	2.140842
2x56	3x28	-0.4575079999999998	Repacking	6.020479	6.477987
2x56	3x32	-0.5409669999999998	Repacking	3.743485	4.284452
2x57	2x58	-0.12612999999999996	Repacking	0.688003	0.814133
2x57	7x39	-1.455031	Repacking	5.388339	6.84337
2x57	7x46	0.053669	Switching	0.053669	0
90	3x25	-1.6016940000000002	Repacking	5.402143	7.003837
90	3x28	0.09784999999999977	Repacking	3.053372	2.955522
90	186	-1.7267480000000006	Repacking	6.320423	8.047171
3x25	186	0.26288800000000023	Repacking	6.214343	5.951455
3x28	3x32	0.625839	Repacking	1.204841	0.579002
3x28	186	0.27521000000000007	Repacking	0.552479	0.277269
3x37	4x53	3.9045560000000004	Repacking	5.952104	2.047548
3x38	4x50	-0.5163820000000001	Repacking	2.870095	3.386477
3x38	4x53	0.9478060000000004	Repacking	3.587991	2.640185
3x43	5x54	-1.4790349999999999	Repacking	0.839186	2.318221
3x43	6x44	-0.4565140000000001	Repacking	1.528678	1.985192
3x43	7x45	0.063026	Switching	0.063026	0
3x43	7x53	2.310006	Switching	2.310006	0
3x46	3x50	0.28223200000000004	Repacking	0.65756	0.375328
3x46	7x53	1.308197	Switching	1.308197	0
3x49	131	-5.194536	Repacking	3.711842	8.906378
3x50	5x58	0.9058930000000001	Repacking	1.62345	0.717557
3x50	5x61	-3.9736569999999998	Repacking	1.230813	5.20447
3x50	6x40	0.968615	Switching	0.968615	0
3x50	7x53	3.74272	Switching	3.74272	0
3x51	5x61	-2.720587	Repacking	3.049092	5.769679
3x54	5x61	-0.35691799999999996	Repacking	0.994563	1.351481
4x46	4x50	0.39448700000000003	Repacking	1.339075	0.944588
4x60	163	6.336277000000001	Repacking	9.42608	3.089803
4x60	5x39	0.502459	Repacking	2.054233	1.551774
163	5x39	-4.8505	Repacking	0.777123	5.627623
5x47	5x48	0.20214100000000013	Repacking	2.74704	2.544899
5x47	6x44	0.09344	Repacking	0.210832	0.117392
5x47	6x48	-0.27619300000000013	Repacking	3.155102	3.431295
5x47	6x52	-3.2568709999999985	Repacking	12.586683	15.843554
5x48	6x52	-5.319479	Repacking	0.883641	6.20312
5x54	5x58	1.558122	Switching	1.558122	0
5x54	6x44	2.444692	Switching	2.444692	0
5x58	5x61	-1.818223	Repacking	0.149423	1.967646
5x58	6x37	-2.471863	Repacking	1.495972	3.967835
5x58	6x40	1.290046	Switching	1.290046	0
5x58	7x53	0.514225	Switching	0.514225	0
5x61	6x37	0.030924	Switching	0.030924	0
5x62	6x30	0.686606	Switching	0.686606	0
5x62	6x33	0.454255	Switching	0.454255	0
5x62	6x37	2.557344	Switching	2.557344	0
6x32	6x36	0.017714	Switching	0.017714	0
6x33	6x37	0.556014	Switching	0.556014	0
6x36	6x40	0.13754300000000003	Repacking	0.39476	0.257217
6x40	7x53	-1.7004430000000001	Repacking	0.637659	2.338102
6x44	6x48	-2.591626	Repacking	2.605469	5.197095
6x44	7x45	-2.171393	Repacking	4.642182	6.813575
6x48	6x52	1.0469620000000002	Repacking	2.755949	1.708987
6x48	7x41	-0.32361599999999946	Repacking	9.23549	9.559106
6x48	7x45	3.062316	Repacking	4.114953	1.052637
6x61	7x28	8.374639	Switching	8.374639	0
1x53	7x53	-2.623159	Switching	0	2.623159
1x57	2x40	-1.556506	Switching	0	1.556506
1x57	8x50	-0.379606	Switching	0	0.379606
54	8x50	-1.090149	Switching	0	1.090149
54	8x53	-1.258835	Switching	0	1.258835
2x40	8x50	-5.482751	Switching	0	5.482751
2x46	6x40	-0.535196	Switching	0	0.535196
3x39	6x44	-2.03956	Switching	0	2.03956
3x43	3x46	-0.314842	Switching	0	0.314842
3x43	6x40	-1.106852	Switching	0	1.106852
3x46	6x37	-0.970512	Switching	0	0.970512
3x49	3x50	-3.391921	Switching	0	3.391921
3x50	131	-6.353657	Switching	0	6.353657
3x50	6x37	-1.155577	Switching	0	1.155577
4x50	4x53	-0.228343	Switching	0	0.228343
5x53	5x58	-0.011167	Switching	0	0.011167
5x58	6x33	-0.069277	Switching	0	0.069277
6x29	6x33	-0.153174	Switching	0	0.153174
6x30	6x31	-2.557541	Switching	0	2.557541
6x32	7x56	-6.921807	Switching	0	6.921807
6x33	6x36	-0.243994	Switching	0	0.243994
6x33	7x56	-0.660257	Switching	0	0.660257
6x36	6x37	-0.784731	Switching	0	0.784731
6x36	7x53	-0.026497	Switching	0	0.026497
6x36	7x56	-14.865033	Switching	0	14.865033
7x53	8x50	-10.532141	Switching	0	10.532141
8x53	8x57	-7.716553	Switching	0	7.716553
