1x46	1x50	-0.26036899999999996
1x46	2x50	-0.839887
1x46	2x57	2.739022
1x46	7x46	-1.2006970000000003
1x47	2x51	-2.605927
1x49	7x50	-3.537643
1x50	2x50	3.029945
1x50	2x51	3.0090580000000005
1x50	7x46	-1.338521
1x50	7x50	-0.28005900000000006
1x52	8x54	0.835786
1x52	8x58	-0.24122899999999997
1x53	7x50	-1.142719
1x53	8x54	1.096354
1x57	12x50	-2.0721539999999994
12x50	2x40	-2.868595
2x42	3x46	-1.7431729999999999
2x42	3x49	4.367195000000001
2x42	4x46	-0.38194799999999995
2x45	4x46	-2.0496670000000003
2x45	4x50	1.0562079999999998
2x46	2x50	0.866087
2x46	3x39	-1.4078239999999997
2x46	3x43	0.9884629999999999
2x46	3x46	0.874677
2x49	3x38	3.6765369999999997
2x49	3x39	1.8486500000000001
2x49	4x50	-2.1905720000000004
2x50	3x39	1.555602
2x50	7x46	-2.4813659999999995
2x53	2x57	-0.40234599999999965
2x53	2x58	-0.661651
2x53	7x46	-1.705615
2x56	3x28	-4.006295
2x56	3x32	-2.793904
2x57	7x39	-6.1134390000000005
2x57	7x46	0.264167
23x50	3x25	-2.7243449999999996
23x50	3x28	-1.6292380000000002
23x50	45x50	-2.188523000000001
3x25	45x50	1.6713879999999994
3x28	3x32	1.100534
3x28	45x50	0.6152650000000001
3x37	4x53	0.21159300000000014
3x38	4x50	-1.7318460000000002
3x38	4x53	0.4293340000000003
3x43	3x46	-0.238767
3x43	5x54	-0.5863079999999998
3x43	6x44	-0.36127200000000004
3x43	7x53	2.718794
3x46	3x50	1.2450139999999998
3x46	7x53	0.393064
3x49	34x53	-4.122241
3x50	5x61	-4.291138999999999
3x50	6x40	0.848547
3x50	7x53	3.434188
3x51	5x61	-3.855149
3x54	5x61	-0.7959649999999999
4x46	4x50	0.3795550000000001
4x60	173	1.818028
4x60	5x39	1.161813
5x47	5x48	-0.4086970000000001
5x47	6x48	-1.129581
5x47	6x52	-5.806009999999999
5x48	6x52	-4.343889
5x54	5x58	1.248481
5x54	6x44	1.337558
5x58	5x61	-1.691404
5x58	6x37	-2.469709
5x58	6x40	0.763947
5x62	6x33	1.264366
5x62	6x37	2.171591
6x32	6x36	0.233272
6x40	7x53	-0.9592140000000002
6x44	6x48	-2.223161
6x44	7x45	-2.31564
6x48	6x52	1.044333
6x48	7x41	-2.291034
6x48	7x45	2.6687510000000003
6x61	301	3.711321
1x53	7x53	-2.623159
1x57	2x40	-1.556506
1x57	8x51	-0.379606
12x50	8x51	-1.090149
12x50	8x54	-1.258835
2x40	8x51	-5.482751
2x46	6x40	-0.535196
3x39	6x44	-2.03956
3x43	6x40	-1.106852
3x46	6x37	-0.970512
3x49	3x50	-3.391921
3x50	34x53	-6.353657
3x50	6x37	-1.155577
4x50	4x53	-0.228343
173	5x39	-5.627623
6x30	6x31	-2.557541
6x32	8x47	-6.921807
6x33	6x36	-0.243994
6x33	8x47	-0.660257
6x36	6x37	-0.784731
6x36	8x47	-14.865033
7x53	8x51	-10.532141
8x54	8x58	-7.716553
