1x46	1x50	-0.16088499999999994	Repacking	1.093602	1.254487
1x47	2x51	-3.281401	Repacking	0.059898	3.341299
1x50	2x50	-1.771988	Repacking	2.213331	3.985319
1x50	2x51	1.7005929999999998	Repacking	3.411774	1.711181
1x50	7x50	-1.302013	Repacking	0.835683	2.137696
1x52	8x53	6.460586	Switching	6.460586	0
1x53	1x57	0.158363	Switching	0.158363	0
1x57	54	-2.3081669999999996	Repacking	3.031151	5.339318
54	2x40	-1.8358239999999997	Repacking	3.023022	4.858846
2x42	3x46	-1.1383889999999999	Repacking	1.489088	2.627477
2x42	3x49	2.276683	Repacking	3.328073	1.05139
2x42	4x46	-0.732599	Repacking	2.240607	2.973206
2x45	4x46	-1.2447000000000001	Repacking	1.827367	3.072067
2x45	4x50	-2.487144	Repacking	0.755943	3.243087
2x46	2x50	-0.544489	Repacking	0.15004	0.694529
2x46	3x43	0.7562260000000001	Repacking	1.842437	1.086211
2x46	3x46	0.147912	Switching	0.147912	0
2x49	2x50	0.818866	Switching	0.818866	0
2x49	3x39	-0.366594	Repacking	0.981572	1.348166
2x49	4x50	-4.189114	Repacking	1.589292	5.778406
2x50	2x53	0.084542	Switching	0.084542	0
2x50	3x39	0.7491190000000001	Repacking	1.244639	0.49552
2x50	7x46	-7.1262989999999995	Repacking	3.389291	10.51559
2x50	7x50	0.469176	Switching	0.469176	0
2x53	2x56	0.204295	Repacking	0.71216	0.507865
2x53	2x57	-4.530113	Repacking	1.482976	6.013089
2x56	3x28	0.9452220000000002	Repacking	7.423209	6.477987
2x56	3x32	0.2130869999999998	Repacking	4.497539	4.284452
2x57	2x58	0.27258899999999997	Repacking	1.086722	0.814133
2x57	7x39	-5.98678	Repacking	0.85659	6.84337
90	3x25	-1.5801889999999998	Repacking	5.423648	7.003837
90	3x28	-2.441946	Repacking	0.513576	2.955522
90	186	-6.77765	Repacking	1.269521	8.047171
3x25	3x28	0.058451	Switching	0.058451	0
3x25	186	-2.387306	Repacking	3.564149	5.951455
3x28	3x32	2.360211	Repacking	2.939213	0.579002
3x37	4x53	-0.995714	Repacking	1.051834	2.047548
3x38	4x50	-3.3321400000000003	Repacking	0.054337	3.386477
3x38	4x53	0.20984800000000003	Repacking	2.850033	2.640185
3x39	3x43	0.462288	Switching	0.462288	0
3x39	7x46	0.56333	Switching	0.56333	0
3x43	5x54	-1.3431229999999998	Repacking	0.975098	2.318221
3x43	7x53	2.677966	Switching	2.677966	0
3x46	3x50	0.6653600000000001	Repacking	1.040688	0.375328
3x46	7x53	0.133471	Switching	0.133471	0
3x49	3x50	-1.5289409999999999	Repacking	1.86298	3.391921
3x49	131	-8.826958	Repacking	0.07942	8.906378
3x50	5x58	-0.675138	Repacking	0.042419	0.717557
3x50	6x40	0.274418	Switching	0.274418	0
3x50	7x53	0.648635	Switching	0.648635	0
3x54	5x61	0.32526600000000006	Repacking	1.676747	1.351481
4x46	4x50	0.4731559999999999	Repacking	1.417744	0.944588
4x50	4x53	0.06031700000000004	Repacking	0.28866	0.228343
4x60	163	5.400538000000001	Repacking	8.490341	3.089803
4x60	5x39	-0.2778799999999999	Repacking	1.273894	1.551774
5x47	5x48	0.21560800000000002	Repacking	2.760507	2.544899
5x47	6x44	1.31633	Repacking	1.433722	0.117392
5x47	6x48	-0.8319320000000001	Repacking	2.599363	3.431295
5x47	6x52	-3.9225119999999993	Repacking	11.921042	15.843554
5x48	6x52	-5.967669	Repacking	0.235451	6.20312
5x54	5x58	2.539236	Switching	2.539236	0
5x54	6x44	0.455023	Switching	0.455023	0
5x58	5x61	-1.668861	Repacking	0.298785	1.967646
5x58	6x37	-3.924507	Repacking	0.043328	3.967835
5x58	6x40	1.504358	Switching	1.504358	0
5x58	7x53	0.58367	Switching	0.58367	0
5x61	6x37	0.320705	Switching	0.320705	0
5x62	6x33	0.434816	Switching	0.434816	0
5x62	6x37	2.562385	Switching	2.562385	0
6x33	6x37	1.011295	Switching	1.011295	0
6x37	6x40	0.546537	Switching	0.546537	0
6x40	7x53	0.34437300000000004	Repacking	2.682475	2.338102
6x44	6x48	-1.839426	Repacking	3.357669	5.197095
6x44	7x45	-2.9084700000000003	Repacking	3.905105	6.813575
6x48	6x52	2.242569	Repacking	3.951556	1.708987
6x48	7x41	-1.1248930000000001	Repacking	8.434213	9.559106
6x48	7x45	3.134633	Repacking	4.18727	1.052637
6x48	7x46	1.582888	Switching	1.582888	0
6x61	7x28	6.292385	Switching	6.292385	0
1x46	2x50	-1.358214	Switching	0	1.358214
1x46	7x46	-3.706799	Switching	0	3.706799
1x49	7x50	-4.566992	Switching	0	4.566992
1x50	7x46	-2.279097	Switching	0	2.279097
1x52	8x57	-0.328609	Switching	0	0.328609
1x53	7x50	-1.658893	Switching	0	1.658893
1x53	7x53	-2.623159	Switching	0	2.623159
1x57	2x40	-1.556506	Switching	0	1.556506
1x57	8x50	-0.379606	Switching	0	0.379606
54	8x50	-1.090149	Switching	0	1.090149
54	8x53	-1.258835	Switching	0	1.258835
2x40	8x50	-5.482751	Switching	0	5.482751
2x46	3x39	-2.223089	Switching	0	2.223089
2x46	6x40	-0.535196	Switching	0	0.535196
2x46	7x53	-0.703314	Switching	0	0.703314
2x49	3x38	-0.706952	Switching	0	0.706952
2x53	2x58	-0.821559	Switching	0	0.821559
2x53	7x46	-2.140842	Switching	0	2.140842
3x28	186	-0.277269	Switching	0	0.277269
3x39	6x44	-2.03956	Switching	0	2.03956
3x43	3x46	-0.314842	Switching	0	0.314842
3x43	6x40	-1.106852	Switching	0	1.106852
3x43	6x44	-1.985192	Switching	0	1.985192
3x46	6x37	-0.970512	Switching	0	0.970512
3x50	131	-6.353657	Switching	0	6.353657
3x50	5x61	-5.20447	Switching	0	5.20447
3x50	6x37	-1.155577	Switching	0	1.155577
3x51	5x61	-5.769679	Switching	0	5.769679
163	5x39	-5.627623	Switching	0	5.627623
5x53	5x58	-0.011167	Switching	0	0.011167
5x58	6x33	-0.069277	Switching	0	0.069277
6x29	6x33	-0.153174	Switching	0	0.153174
6x30	6x31	-2.557541	Switching	0	2.557541
6x32	7x56	-6.921807	Switching	0	6.921807
6x33	6x36	-0.243994	Switching	0	0.243994
6x33	7x56	-0.660257	Switching	0	0.660257
6x36	6x37	-0.784731	Switching	0	0.784731
6x36	6x40	-0.257217	Switching	0	0.257217
6x36	7x53	-0.026497	Switching	0	0.026497
6x36	7x56	-14.865033	Switching	0	14.865033
7x53	8x50	-10.532141	Switching	0	10.532141
8x53	8x57	-7.716553	Switching	0	7.716553
