1x46	1x50	-0.06520199999999998	Repacking	1.189285	1.254487
1x46	2x50	-0.834712	Repacking	0.523502	1.358214
1x46	2x57	0.84517	Switching	0.84517	0
1x46	7x46	-2.588304	Repacking	1.118495	3.706799
1x47	2x51	-2.7638369999999997	Repacking	0.577462	3.341299
1x49	7x50	-3.0019169999999997	Repacking	1.565075	4.566992
1x50	2x50	3.4000470000000003	Repacking	7.385366	3.985319
1x50	2x51	3.5570460000000006	Repacking	5.268227	1.711181
1x50	7x46	-1.7519080000000002	Repacking	0.527189	2.279097
1x50	7x50	-0.3654170000000001	Repacking	1.772279	2.137696
1x52	8x53	3.438792	Switching	3.438792	0
1x53	7x50	-1.084487	Repacking	0.574406	1.658893
1x53	8x53	2.983178	Switching	2.983178	0
1x57	54	-2.8446929999999995	Repacking	2.494625	5.339318
54	2x40	-0.8220459999999994	Repacking	4.0368	4.858846
2x42	3x46	-0.7935569999999998	Repacking	1.83392	2.627477
2x42	3x49	3.9133869999999997	Repacking	4.964777	1.05139
2x42	4x46	-0.8835689999999996	Repacking	2.089637	2.973206
2x45	4x46	-1.176792	Repacking	1.895275	3.072067
2x45	4x50	0.23965799999999993	Repacking	3.482745	3.243087
2x46	2x50	1.7846110000000002	Repacking	2.47914	0.694529
2x46	3x39	-0.2001879999999998	Repacking	2.022901	2.223089
2x46	3x43	0.7483709999999999	Repacking	1.834582	1.086211
2x46	3x46	0.955008	Switching	0.955008	0
2x46	7x53	0.249884	Repacking	0.953198	0.703314
2x49	2x50	0.109078	Switching	0.109078	0
2x49	3x38	3.5262209999999996	Repacking	4.233173	0.706952
2x49	3x39	2.569012	Repacking	3.917178	1.348166
2x49	4x50	-2.1833210000000003	Repacking	3.595085	5.778406
2x50	3x39	2.285561	Repacking	2.781081	0.49552
2x50	7x46	-1.0009180000000004	Repacking	9.514672	10.51559
2x50	7x50	0.026916	Switching	0.026916	0
2x53	2x57	-0.17338499999999968	Repacking	5.839704	6.013089
2x53	2x58	-0.694921	Repacking	0.126638	0.821559
2x53	7x46	-0.6222880000000002	Repacking	1.518554	2.140842
2x56	3x28	-0.1256870000000001	Repacking	6.3523	6.477987
2x56	3x32	-2.152202	Repacking	2.13225	4.284452
2x57	2x58	-0.06550500000000004	Repacking	0.748628	0.814133
2x57	7x39	-4.838513000000001	Repacking	2.004857	6.84337
90	3x25	-0.43348299999999984	Repacking	6.570354	7.003837
90	3x28	0.3289089999999999	Repacking	3.284431	2.955522
90	186	-0.34850200000000076	Repacking	7.698669	8.047171
3x25	186	1.0121120000000001	Repacking	6.963567	5.951455
3x28	3x32	1.986541	Repacking	2.565543	0.579002
3x28	186	0.826114	Repacking	1.103383	0.277269
3x37	4x53	2.397177	Repacking	4.444725	2.047548
3x38	4x50	-0.4396600000000004	Repacking	2.946817	3.386477
3x38	4x53	0.8159130000000001	Repacking	3.456098	2.640185
3x39	3x43	0.060065	Switching	0.060065	0
3x39	7x46	0.532293	Switching	0.532293	0
3x43	3x46	-0.246869	Repacking	0.067973	0.314842
3x43	5x54	-1.730562	Repacking	0.587659	2.318221
3x43	6x44	-0.554646	Repacking	1.430546	1.985192
3x43	7x45	0.086196	Switching	0.086196	0
3x43	7x53	2.317893	Switching	2.317893	0
3x46	3x50	0.478915	Repacking	0.854243	0.375328
3x46	7x53	1.334773	Switching	1.334773	0
3x49	131	-3.8654200000000003	Repacking	5.040958	8.906378
3x50	3x54	0.694146	Switching	0.694146	0
3x50	5x58	3.5119629999999997	Repacking	4.22952	0.717557
3x50	5x61	-3.357337	Repacking	1.847133	5.20447
3x50	6x40	1.143263	Switching	1.143263	0
3x50	7x53	2.795378	Switching	2.795378	0
3x51	5x61	-3.750836	Repacking	2.018843	5.769679
3x54	5x61	0.9789030000000001	Repacking	2.330384	1.351481
4x46	4x50	0.3701540000000001	Repacking	1.314742	0.944588
4x60	163	5.721176	Repacking	8.810979	3.089803
4x60	5x39	1.178883	Repacking	2.730657	1.551774
163	5x39	-5.562931	Repacking	0.064692	5.627623
5x47	5x48	1.6759570000000004	Repacking	4.220856	2.544899
5x47	6x44	0.890258	Repacking	1.00765	0.117392
5x47	6x48	-0.9195530000000001	Repacking	2.511742	3.431295
5x47	6x52	-3.194934999999999	Repacking	12.648619	15.843554
5x48	6x52	-3.376367	Repacking	2.826753	6.20312
5x54	5x58	0.715903	Switching	0.715903	0
5x54	6x44	2.848792	Switching	2.848792	0
5x54	7x53	0.130392	Switching	0.130392	0
5x58	5x61	-1.4575209999999998	Repacking	0.510125	1.967646
5x58	6x37	-2.451928	Repacking	1.515907	3.967835
5x58	6x40	2.355995	Switching	2.355995	0
5x58	7x53	1.291437	Switching	1.291437	0
5x61	6x37	0.159885	Switching	0.159885	0
5x62	6x30	0.365415	Switching	0.365415	0
5x62	6x33	1.174027	Switching	1.174027	0
5x62	6x37	2.375853	Switching	2.375853	0
6x32	6x36	0.206179	Switching	0.206179	0
6x33	6x37	0.726862	Switching	0.726862	0
6x36	6x40	0.323128	Repacking	0.580345	0.257217
6x40	7x53	-0.916903	Repacking	1.421199	2.338102
6x44	6x48	-2.231408	Repacking	2.965687	5.197095
6x44	7x45	-2.1228680000000004	Repacking	4.690707	6.813575
6x48	6x52	1.307722	Repacking	3.016709	1.708987
6x48	7x41	-0.8202079999999992	Repacking	8.738898	9.559106
6x48	7x45	3.1892580000000006	Repacking	4.241895	1.052637
6x61	7x28	7.910052	Switching	7.910052	0
1x52	8x57	-0.328609	Switching	0	0.328609
1x53	7x53	-2.623159	Switching	0	2.623159
1x57	2x40	-1.556506	Switching	0	1.556506
1x57	8x50	-0.379606	Switching	0	0.379606
54	8x50	-1.090149	Switching	0	1.090149
54	8x53	-1.258835	Switching	0	1.258835
2x40	8x50	-5.482751	Switching	0	5.482751
2x46	6x40	-0.535196	Switching	0	0.535196
2x53	2x56	-0.507865	Switching	0	0.507865
3x39	6x44	-2.03956	Switching	0	2.03956
3x43	6x40	-1.106852	Switching	0	1.106852
3x46	6x37	-0.970512	Switching	0	0.970512
3x49	3x50	-3.391921	Switching	0	3.391921
3x50	131	-6.353657	Switching	0	6.353657
3x50	6x37	-1.155577	Switching	0	1.155577
4x50	4x53	-0.228343	Switching	0	0.228343
5x53	5x58	-0.011167	Switching	0	0.011167
5x58	6x33	-0.069277	Switching	0	0.069277
6x29	6x33	-0.153174	Switching	0	0.153174
6x30	6x31	-2.557541	Switching	0	2.557541
6x32	7x56	-6.921807	Switching	0	6.921807
6x33	6x36	-0.243994	Switching	0	0.243994
6x33	7x56	-0.660257	Switching	0	0.660257
6x36	6x37	-0.784731	Switching	0	0.784731
6x36	7x53	-0.026497	Switching	0	0.026497
6x36	7x56	-14.865033	Switching	0	14.865033
7x53	8x50	-10.532141	Switching	0	10.532141
8x53	8x57	-7.716553	Switching	0	7.716553
