1x46	1x50	1.097225
1x46	2x50	0.774280
1x46	2x51	0.056919
1x46	2x57	0.628382
1x46	7x46	1.603546
1x47	2x51	0.990586
1x49	7x50	2.113889
1x50	2x50	3.865524
1x50	2x51	2.040030
1x50	7x46	1.374687
1x50	7x50	1.884249
1x53	7x50	0.397456
1x53	8x54	0.065351
1x57	65	4.697833
65	2x40	5.319980
2x42	3x46	1.502295
2x42	3x49	2.254707
2x42	4x46	0.812866
2x45	4x46	0.381364
2x45	4x50	3.468707
2x46	2x50	1.680131
2x46	3x39	2.549224
2x46	3x43	1.718242
2x46	7x53	0.653773
2x49	3x38	0.361224
2x49	3x39	2.046856
2x49	4x50	2.904117
2x50	3x39	1.951546
2x50	7x46	9.073114
2x53	2x56	0.097174
2x53	2x57	4.642171
2x53	3x39	0.118738
2x53	7x46	0.056368
2x56	3x28	0.819688
2x56	3x32	3.893107
2x57	2x58	0.830245
2x57	7x39	1.133159
100	3x25	6.764864
100	3x28	0.399043
100	182	3.525290
3x25	182	4.654394
3x28	3x32	0.333129
3x37	4x53	1.467566
3x38	4x50	1.738460
3x38	4x53	2.017945
3x39	6x48	0.049718
3x43	3x46	0.288507
3x43	5x54	0.265339
3x43	5x58	0.154984
3x43	6x44	1.424224
3x43	7x53	3.333718
3x46	3x50	2.843052
3x46	5x58	0.508393
3x46	7x53	0.246058
3x49	142	3.534427
3x50	5x58	3.030164
3x50	5x61	1.627078
3x50	6x40	0.457222
3x50	7x53	3.565474
3x51	5x61	3.863304
3x54	5x61	0.253730
4x46	4x50	1.303177
4x50	4x53	0.268863
4x61	5x39	2.978474
5x47	5x48	1.936621
5x47	6x44	2.048938
5x47	6x48	2.261368
5x47	6x52	13.563262
5x48	6x52	4.842453
5x50	5x54	0.098785
5x54	5x58	1.385794
5x58	5x61	0.435171
5x58	6x37	1.579246
5x58	6x40	2.608887
5x58	7x53	0.558903
5x61	6x37	0.654064
5x62	6x37	2.557233
6x40	7x53	2.987277
6x44	6x48	3.740695
6x44	7x45	0.978209
6x48	6x52	0.805699
6x48	7x41	4.466633
6x48	7x45	4.133259
6x61	401	3.509102
