1x46	1x50	0.09129600000000004	Repacking	1.005004	0.913708
1x46	2x50	0.206696	Repacking	1.565988	1.359292
1x46	2x51	0.131806	Switching	0.131806	0
1x46	2x53	1.06538	Switching	1.06538	0
1x46	2x57	0.6733899999999999	Repacking	0.944449	0.271059
1x46	7x46	-2.608825	Repacking	0.901498	3.510323
1x47	1x52	0.195539	Switching	0.195539	0
1x47	2x51	-1.633631	Repacking	0.92859	2.562221
1x49	7x50	-2.555579	Repacking	1.254487	3.810066
1x50	2x46	0.384176	Switching	0.384176	0
1x50	2x50	5.569303	Repacking	10.368131	4.798828
1x50	2x51	5.811779	Repacking	6.744617	0.932838
1x50	7x46	-0.698305	Repacking	1.774247	2.472552
1x50	7x50	-2.4131020000000003	Repacking	0.582982	2.996084
1x52	8x54	1.1728629999999995	Repacking	5.525287	4.352424
1x53	1x57	0.254326	Repacking	0.612683	0.358357
1x53	7x50	-0.22155900000000006	Repacking	1.201986	1.423545
1x53	8x54	2.9998419999999997	Repacking	4.225312	1.22547
1x57	12x50	-0.17285700000000004	Repacking	1.666418	1.839275
1x57	2x40	-4.837404	Repacking	0.074801	4.912205
12x50	2x40	-0.23859200000000058	Repacking	6.352181	6.590773
2x42	3x46	-1.798486	Repacking	0.460528	2.259014
2x42	3x49	-1.2660520000000002	Repacking	0.549225	1.815277
2x42	4x46	1.4632619999999998	Repacking	4.133227	2.669965
2x45	4x46	0.6110709999999999	Repacking	2.812359	2.201288
2x45	4x50	-1.3039939999999999	Repacking	2.842049	4.146043
2x46	2x50	3.296571	Switching	3.296571	0
2x46	3x39	-2.010338	Repacking	0.550761	2.561099
2x46	3x43	0.8549680000000002	Repacking	2.159835	1.304867
2x46	3x46	0.133431	Switching	0.133431	0
2x46	7x53	0.799758	Repacking	1.178181	0.378423
2x49	3x38	1.111998	Switching	1.111998	0
2x49	3x39	-0.08386899999999997	Repacking	0.666023	0.749892
2x49	4x50	1.9963030000000002	Repacking	4.759971	2.763668
2x50	3x39	2.1669419999999997	Repacking	2.53028	0.363338
2x50	7x46	-1.0610039999999987	Repacking	10.687281	11.748285
2x53	2x56	-0.663578	Repacking	0.220926	0.884504
2x53	2x57	2.183129	Repacking	6.329373	4.146244
2x53	2x58	0.354151	Repacking	0.49739	0.143239
2x53	6x48	0.103181	Switching	0.103181	0
2x53	7x46	2.1100570000000003	Repacking	4.370383	2.260326
2x56	3x28	-2.3222799999999992	Repacking	4.223671	6.545951
2x56	3x32	1.0518939999999994	Repacking	4.556963	3.505069
2x57	2x58	0.225719	Repacking	1.342575	1.116856
2x57	7x39	1.3116430000000001	Repacking	2.973847	1.662204
23x50	45x50	-4.056131000000001	Repacking	2.144391	6.200522
3x25	45x50	0.36014199999999974	Repacking	5.841442	5.4813
3x28	3x32	0.18645	Repacking	0.216022	0.029572
3x28	45x50	-0.185087	Repacking	0.753145	0.938232
3x37	4x53	3.0606680000000006	Repacking	6.416801	3.356133
3x38	4x50	1.675906	Repacking	3.671483	1.995577
3x38	4x53	-0.416963	Repacking	3.003666	3.420629
3x39	7x45	0.457653	Switching	0.457653	0
3x39	7x46	0.12397	Switching	0.12397	0
3x43	5x54	-0.975017	Repacking	0.548942	1.523959
3x43	5x58	0.133844	Switching	0.133844	0
3x43	6x44	-0.8655889999999997	Repacking	1.785713	2.651302
3x43	7x45	0.730372	Switching	0.730372	0
3x43	7x53	4.162771	Switching	4.162771	0
3x46	3x50	1.795008	Repacking	2.171303	0.376295
3x46	5x58	0.446099	Switching	0.446099	0
3x46	7x53	2.750657	Switching	2.750657	0
3x49	34x53	5.788014	Switching	5.788014	0
3x50	5x58	-0.22430099999999997	Repacking	0.411544	0.635845
3x50	5x61	-0.05650500000000003	Repacking	0.51491	0.571415
3x50	6x40	1.238424	Switching	1.238424	0
3x50	7x53	1.037834	Switching	1.037834	0
3x51	5x61	-0.8687880000000001	Repacking	1.167661	2.036449
3x54	5x61	1.127437	Repacking	1.732845	0.605408
4x46	4x50	-0.32603700000000013	Repacking	0.951919	1.277956
4x60	173	0.8893170000000001	Repacking	9.639209	8.749892
4x60	5x39	0.328539	Repacking	0.933038	0.604499
5x47	5x48	-2.629289	Repacking	0.840779	3.470068
5x47	6x44	1.7020899999999999	Repacking	1.98636	0.28427
5x47	6x48	3.2339649999999995	Repacking	5.186036	1.952071
5x47	6x52	-8.356570999999999	Repacking	7.205593	15.562164
5x48	6x52	0.11667900000000042	Repacking	4.168266	4.051587
5x54	5x58	0.626278	Switching	0.626278	0
5x54	6x44	2.445164	Switching	2.445164	0
5x58	6x37	-2.9096930000000003	Repacking	0.444892	3.354585
5x58	6x40	3.943463	Switching	3.943463	0
5x58	7x53	0.248636	Switching	0.248636	0
5x61	6x37	0.084899	Switching	0.084899	0
5x62	6x37	2.464963	Switching	2.464963	0
6x36	6x37	0.277887	Switching	0.277887	0
6x37	6x40	0.09652	Switching	0.09652	0
6x40	7x53	-1.2945569999999997	Repacking	0.973942	2.268499
6x44	7x45	-3.8703760000000003	Repacking	1.201605	5.071981
6x48	6x52	0.35110699999999984	Repacking	2.695245	2.344138
6x48	7x41	2.563685999999999	Repacking	14.073894	11.510208
6x48	7x45	2.792172	Repacking	3.173069	0.380897
1x52	8x58	-0.595926	Switching	0	0.595926
1x53	7x53	-2.124173	Switching	0	2.124173
2x46	6x40	-0.429772	Switching	0	0.429772
2x50	7x45	-0.110762	Switching	0	0.110762
2x53	3x32	-0.31524	Switching	0	0.31524
23x50	3x25	-5.369979	Switching	0	5.369979
23x50	3x28	-3.727004	Switching	0	3.727004
3x39	6x44	-1.244524	Switching	0	1.244524
3x43	3x46	-0.101322	Switching	0	0.101322
3x43	6x40	-0.674837	Switching	0	0.674837
3x46	6x37	-0.250593	Switching	0	0.250593
3x49	3x50	-2.829889	Switching	0	2.829889
3x50	34x53	-0.166481	Switching	0	0.166481
3x50	6x37	-0.968746	Switching	0	0.968746
3x54	34x53	-3.443205	Switching	0	3.443205
34x53	6x30	-2.686176	Switching	0	2.686176
34x53	6x31	-3.00237	Switching	0	3.00237
173	5x39	-0.289781	Switching	0	0.289781
5x53	5x58	-0.022184	Switching	0	0.022184
5x58	5x61	-2.985517	Switching	0	2.985517
5x58	5x62	-3.474901	Switching	0	3.474901
6x29	6x30	-2.863124	Switching	0	2.863124
6x30	6x31	-0.805129	Switching	0	0.805129
6x36	7x53	-0.085829	Switching	0	0.085829
6x44	6x48	-6.69299	Switching	0	6.69299
7x50	8x54	-0.79363	Switching	0	0.79363
7x53	8x51	-0.073273	Switching	0	0.073273
7x53	8x54	-0.198417	Switching	0	0.198417
