1x46	1x50	0.509882	Repacking	1.005004	0.495122
1x46	2x50	0.13510500000000003	Repacking	1.565988	1.430883
1x46	2x51	0.131806	Switching	0.131806	0
1x46	2x53	1.06538	Switching	1.06538	0
1x46	2x57	0.562664	Repacking	0.944449	0.381785
1x46	7x46	-2.876706	Repacking	0.901498	3.778204
1x47	1x52	0.195539	Switching	0.195539	0
1x47	2x51	-0.567315	Repacking	0.92859	1.495905
1x49	7x50	-3.030239	Repacking	1.254487	4.284726
1x50	2x46	0.384176	Switching	0.384176	0
1x50	2x50	6.886462	Repacking	10.368131	3.481669
1x50	2x51	5.3770999999999995	Repacking	6.744617	1.367517
1x50	7x46	-0.3549350000000002	Repacking	1.774247	2.129182
1x50	7x50	-2.132455	Repacking	0.582982	2.715437
1x52	8x54	2.9480279999999994	Repacking	5.525287	2.577259
1x53	1x57	0.26475699999999996	Repacking	0.612683	0.347926
1x53	7x50	-0.43314699999999995	Repacking	1.201986	1.635133
1x53	8x54	2.9876259999999997	Repacking	4.225312	1.237686
1x57	12x50	-0.32441200000000014	Repacking	1.666418	1.99083
1x57	2x40	-3.199078	Repacking	0.074801	3.273879
12x50	2x40	0.43796999999999997	Repacking	6.352181	5.914211
2x42	3x46	-2.484143	Repacking	0.460528	2.944671
2x42	3x49	-0.6832520000000001	Repacking	0.549225	1.232477
2x42	4x46	0.934653	Repacking	4.133227	3.198574
2x45	4x46	0.3958529999999998	Repacking	2.812359	2.416506
2x45	4x50	-1.5115950000000002	Repacking	2.842049	4.353644
2x46	2x50	3.284662	Repacking	3.296571	0.011909
2x46	3x39	-1.935661	Repacking	0.550761	2.486422
2x46	3x43	0.7798720000000001	Repacking	2.159835	1.379963
2x46	3x46	0.133431	Switching	0.133431	0
2x46	7x53	0.602771	Repacking	1.178181	0.57541
2x49	3x38	1.111998	Switching	1.111998	0
2x49	3x39	-0.3095589999999999	Repacking	0.666023	0.975582
2x49	4x50	1.004238	Repacking	4.759971	3.755733
2x50	3x39	2.389198	Repacking	2.53028	0.141082
2x50	7x46	-1.1195760000000003	Repacking	10.687281	11.806857
2x53	2x56	-1.041113	Repacking	0.220926	1.262039
2x53	2x57	2.4122200000000005	Repacking	6.329373	3.917153
2x53	2x58	0.16456900000000002	Repacking	0.49739	0.332821
2x53	6x48	-0.960996	Repacking	0.103181	1.064177
2x53	7x46	2.567514	Repacking	4.370383	1.802869
2x56	3x28	-2.3657259999999996	Repacking	4.223671	6.589397
2x56	3x32	0.6672089999999997	Repacking	4.556963	3.889754
2x57	2x58	0.6267940000000001	Repacking	1.342575	0.715781
2x57	7x39	0.08690800000000021	Repacking	2.973847	2.886939
23x50	45x50	-3.529111	Repacking	2.144391	5.673502
3x25	45x50	-0.2579260000000003	Repacking	5.841442	6.099368
3x28	3x32	0.05455199999999999	Repacking	0.216022	0.16147
3x28	45x50	0.22559399999999996	Repacking	0.753145	0.527551
3x37	4x53	4.143891	Repacking	6.416801	2.27291
3x38	4x50	0.5550999999999999	Repacking	3.671483	3.116383
3x38	4x53	0.850317	Repacking	3.003666	2.153349
3x39	7x45	0.457653	Switching	0.457653	0
3x39	7x46	0.12397	Switching	0.12397	0
3x43	5x54	-2.117783	Repacking	0.548942	2.666725
3x43	5x58	0.133844	Switching	0.133844	0
3x43	6x44	-0.44154799999999983	Repacking	1.785713	2.227261
3x43	7x45	0.730372	Switching	0.730372	0
3x43	7x53	4.162771	Switching	4.162771	0
3x46	3x50	2.06678	Repacking	2.171303	0.104523
3x46	5x58	0.446099	Switching	0.446099	0
3x46	7x53	2.750657	Switching	2.750657	0
3x49	34x53	5.788014	Switching	5.788014	0
3x50	5x58	-1.610032	Repacking	0.411544	2.021576
3x50	5x61	-1.2769840000000001	Repacking	0.51491	1.791894
3x50	6x40	1.238424	Switching	1.238424	0
3x50	7x53	1.037834	Switching	1.037834	0
3x51	5x61	-0.913241	Repacking	1.167661	2.080902
3x54	5x61	0.8369409999999999	Repacking	1.732845	0.895904
4x46	4x50	0.060733999999999955	Repacking	0.951919	0.891185
4x60	173	2.0152599999999996	Repacking	9.639209	7.623949
4x60	5x39	-0.529479	Repacking	0.933038	1.462517
5x47	5x48	-2.1696370000000003	Repacking	0.840779	3.010416
5x47	6x44	1.408827	Repacking	1.98636	0.577533
5x47	6x48	3.6405059999999994	Repacking	5.186036	1.54553
5x47	6x52	-6.1013660000000005	Repacking	7.205593	13.306959
5x48	6x52	-0.42366100000000007	Repacking	4.168266	4.591927
5x54	5x58	0.626278	Switching	0.626278	0
5x54	6x44	2.445164	Switching	2.445164	0
5x58	6x37	-2.750137	Repacking	0.444892	3.195029
5x58	6x40	3.943463	Switching	3.943463	0
5x58	7x53	0.248636	Switching	0.248636	0
5x61	6x37	0.084899	Switching	0.084899	0
5x62	6x37	2.464963	Switching	2.464963	0
6x36	6x37	0.277887	Switching	0.277887	0
6x37	6x40	0.09652	Switching	0.09652	0
6x40	7x53	-2.393373	Repacking	0.973942	3.367315
6x44	7x45	-3.34645	Repacking	1.201605	4.548055
6x48	6x52	1.0472309999999998	Repacking	2.695245	1.648014
6x48	7x41	3.7090489999999985	Repacking	14.073894	10.364845
6x48	7x45	3.10128	Repacking	3.173069	0.071789
1x52	8x58	-1.609986	Switching	0	1.609986
1x53	7x53	-2.135704	Switching	0	2.135704
2x46	6x40	-0.67647	Switching	0	0.67647
2x53	3x32	-1.437682	Switching	0	1.437682
23x50	3x25	-6.273459	Switching	0	6.273459
23x50	3x28	-4.024716	Switching	0	4.024716
3x39	6x44	-1.672358	Switching	0	1.672358
3x43	3x46	-0.155534	Switching	0	0.155534
3x43	6x40	-0.88926	Switching	0	0.88926
3x46	6x37	-0.818803	Switching	0	0.818803
3x49	3x50	-3.519025	Switching	0	3.519025
3x50	34x53	-2.616997	Switching	0	2.616997
3x50	6x37	-1.070298	Switching	0	1.070298
3x54	34x53	-0.795112	Switching	0	0.795112
34x53	6x30	-7.275714	Switching	0	7.275714
34x53	6x31	-5.227156	Switching	0	5.227156
173	5x39	-0.207418	Switching	0	0.207418
5x53	5x58	-0.007365	Switching	0	0.007365
5x58	5x61	-3.820349	Switching	0	3.820349
5x58	5x62	-3.533408	Switching	0	3.533408
6x29	6x30	-0.455319	Switching	0	0.455319
6x30	6x31	-0.132884	Switching	0	0.132884
6x44	6x48	-6.714862	Switching	0	6.714862
7x50	8x54	-0.981468	Switching	0	0.981468
7x53	8x51	-0.219038	Switching	0	0.219038
7x53	8x54	-1.174659	Switching	0	1.174659
