1x46	1x50	0.353051	Repacking	1.266759	0.913708
1x46	2x50	-0.3638239999999999	Repacking	0.995468	1.359292
1x46	2x57	-0.251031	Repacking	0.020028	0.271059
1x46	7x46	1.362899	Repacking	4.873222	3.510323
1x47	2x51	-1.365334	Repacking	1.196887	2.562221
1x49	7x50	-0.29494299999999996	Repacking	3.515123	3.810066
1x50	2x50	-1.1313910000000003	Repacking	3.667437	4.798828
1x50	2x51	-0.8726379999999999	Repacking	0.0602	0.932838
1x50	7x46	-0.33133999999999997	Repacking	2.141212	2.472552
1x50	7x50	0.752421	Repacking	3.748505	2.996084
1x52	8x54	-1.65671	Repacking	2.695714	4.352424
1x52	8x58	-0.284064	Repacking	0.311862	0.595926
1x53	1x57	0.364488	Repacking	0.722845	0.358357
1x53	7x50	-0.879638	Repacking	0.543907	1.423545
1x53	8x54	-1.138262	Repacking	0.087208	1.22547
1x57	12x50	-0.05967900000000004	Repacking	1.779596	1.839275
1x57	2x40	-4.243787	Repacking	0.668418	4.912205
12x50	2x40	-0.9665040000000005	Repacking	5.624269	6.590773
2x42	3x46	-0.668725	Repacking	1.590289	2.259014
2x42	3x49	0.589391	Repacking	2.404668	1.815277
2x42	4x46	-1.172489	Repacking	1.497476	2.669965
2x45	4x46	0.09567700000000023	Repacking	2.296965	2.201288
2x45	4x50	-2.549804	Repacking	1.596239	4.146043
2x46	2x50	2.281456	Switching	2.281456	0
2x46	3x39	-1.701681	Repacking	0.859418	2.561099
2x46	3x43	0.017665000000000042	Repacking	1.322532	1.304867
2x46	3x46	0.142193	Switching	0.142193	0
2x46	7x53	-0.008900000000000019	Repacking	0.369523	0.378423
2x49	2x50	0.284998	Switching	0.284998	0
2x49	3x38	0.442173	Switching	0.442173	0
2x49	3x39	0.203129	Repacking	0.953021	0.749892
2x49	4x50	0.02336999999999989	Repacking	2.787038	2.763668
2x50	2x53	0.058169	Switching	0.058169	0
2x50	3x39	0.972788	Repacking	1.336126	0.363338
2x50	7x46	-4.127075999999999	Repacking	7.621209	11.748285
2x53	2x56	0.014550000000000063	Repacking	0.899054	0.884504
2x53	2x57	-1.1035660000000003	Repacking	3.042678	4.146244
2x53	3x39	0.173901	Switching	0.173901	0
2x53	7x46	-1.089826	Repacking	1.1705	2.260326
2x56	2x57	0.046026	Switching	0.046026	0
2x56	3x28	-2.8781399999999997	Repacking	3.667811	6.545951
2x56	3x32	0.3314649999999997	Repacking	3.836534	3.505069
2x57	2x58	-0.3260670000000001	Repacking	0.790789	1.116856
2x57	7x39	0.8473479999999998	Repacking	2.509552	1.662204
23x50	3x25	1.9273560000000005	Repacking	7.297335	5.369979
23x50	3x28	-1.295909	Repacking	2.431095	3.727004
23x50	45x50	-2.100307	Repacking	4.100215	6.200522
3x25	3x28	0.08215	Switching	0.08215	0
3x25	45x50	-0.8902869999999998	Repacking	4.591013	5.4813
3x28	3x32	0.171257	Repacking	0.200829	0.029572
3x37	4x53	-0.13052200000000003	Repacking	3.225611	3.356133
3x38	4x50	-0.06645999999999996	Repacking	1.929117	1.995577
3x38	4x53	0.43028500000000003	Repacking	3.850914	3.420629
3x43	5x54	0.3029679999999999	Repacking	1.826927	1.523959
3x43	6x44	-2.1369689999999997	Repacking	0.514333	2.651302
3x43	7x45	0.092518	Switching	0.092518	0
3x43	7x53	2.543387	Switching	2.543387	0
3x46	3x50	0.46297000000000005	Repacking	0.839265	0.376295
3x46	7x53	1.858912	Switching	1.858912	0
3x49	3x50	-2.7496810000000003	Repacking	0.080208	2.829889
3x49	34x53	6.394198	Switching	6.394198	0
3x50	5x58	2.052427	Repacking	2.688272	0.635845
3x50	5x61	-0.27586700000000003	Repacking	0.295548	0.571415
3x50	6x40	1.201206	Switching	1.201206	0
3x50	7x53	2.031144	Switching	2.031144	0
3x51	5x61	-1.7749640000000002	Repacking	0.261485	2.036449
3x54	5x61	0.031632000000000104	Repacking	0.63704	0.605408
4x46	4x50	-0.724597	Repacking	0.553359	1.277956
4x60	173	-2.425723999999999	Repacking	6.324168	8.749892
4x60	5x39	0.714298	Repacking	1.318797	0.604499
5x47	5x48	-2.148886	Repacking	1.321182	3.470068
5x47	6x44	2.1645779999999997	Repacking	2.448848	0.28427
5x47	6x48	0.40274200000000016	Repacking	2.354813	1.952071
5x47	6x52	-7.306956999999999	Repacking	8.255207	15.562164
5x48	6x52	1.7055850000000001	Repacking	5.757172	4.051587
5x54	5x58	0.628894	Switching	0.628894	0
5x54	6x44	3.701102	Switching	3.701102	0
5x58	5x61	-2.5196560000000003	Repacking	0.465861	2.985517
5x58	6x37	0.176666	Repacking	3.531251	3.354585
5x58	6x40	1.784966	Switching	1.784966	0
5x58	7x53	0.226494	Switching	0.226494	0
5x61	6x37	0.028401	Switching	0.028401	0
5x62	6x33	2.113973	Switching	2.113973	0
5x62	6x37	2.096031	Switching	2.096031	0
6x29	6x32	0.155114	Switching	0.155114	0
6x36	6x37	0.13292	Switching	0.13292	0
6x40	7x53	-1.218141	Repacking	1.050358	2.268499
6x44	6x48	-6.663914	Repacking	0.029076	6.69299
6x44	7x45	-3.66699	Repacking	1.404991	5.071981
6x48	6x52	-0.2592780000000001	Repacking	2.08486	2.344138
6x48	7x41	-0.7063439999999996	Repacking	10.803864	11.510208
6x48	7x45	2.858679	Repacking	3.239576	0.380897
1x53	7x53	-2.124173	Switching	0	2.124173
2x46	6x40	-0.429772	Switching	0	0.429772
2x50	7x45	-0.110762	Switching	0	0.110762
2x53	2x58	-0.143239	Switching	0	0.143239
2x53	3x32	-0.31524	Switching	0	0.31524
3x28	45x50	-0.938232	Switching	0	0.938232
3x39	6x44	-1.244524	Switching	0	1.244524
3x43	3x46	-0.101322	Switching	0	0.101322
3x43	6x40	-0.674837	Switching	0	0.674837
3x46	6x37	-0.250593	Switching	0	0.250593
3x50	34x53	-0.166481	Switching	0	0.166481
3x50	6x37	-0.968746	Switching	0	0.968746
3x54	34x53	-3.443205	Switching	0	3.443205
34x53	6x30	-2.686176	Switching	0	2.686176
34x53	6x31	-3.00237	Switching	0	3.00237
173	5x39	-0.289781	Switching	0	0.289781
5x53	5x58	-0.022184	Switching	0	0.022184
5x58	5x62	-3.474901	Switching	0	3.474901
6x29	6x30	-2.863124	Switching	0	2.863124
6x30	6x31	-0.805129	Switching	0	0.805129
6x36	7x53	-0.085829	Switching	0	0.085829
7x50	8x54	-0.79363	Switching	0	0.79363
7x53	8x51	-0.073273	Switching	0	0.073273
7x53	8x54	-0.198417	Switching	0	0.198417
